dataset,fragment,events,generator,gridpack,card location,time per event,size per event,dataset name in previous campaign (if any)
SMS-T2bWC_Par-mStop-1000_TuneCP5_13p6TeV_madgraphMLM-pythia8,https://github.com/Kim-JiHeon-HEP/Run3_NPS_Stop_SMS_requests/blob/main/fragments/stop/SMS-T2bWC_mStop-1000_fragment.py,1000000,madgraph,/cvmfs/cms-griddata.cern.ch/phys_generator/gridpacks_tarball/pp/13p6TeV/madgraph/SMS-StopStop/SMS-StopStop_mStop-1000_slc7_amd64_gcc10_CMSSW_12_4_8_tarball.tar.xz,/cvmfs/cms-griddata.cern.ch/phys_generator/gridpacks_tarball/pp/13p6TeV/madgraph/SMS-StopStop/SMS-StopStop_mStop-1000_slc7_amd64_gcc10_CMSSW_12_4_8_tarball.tar.xz,,,
SMS-T2bWC_Par-mStop-1050_TuneCP5_13p6TeV_madgraphMLM-pythia8,https://github.com/Kim-JiHeon-HEP/Run3_NPS_Stop_SMS_requests/blob/main/fragments/stop/SMS-T2bWC_mStop-1050_fragment.py,1000000,madgraph,/cvmfs/cms-griddata.cern.ch/phys_generator/gridpacks_tarball/pp/13p6TeV/madgraph/SMS-StopStop/SMS-StopStop_mStop-1050_slc7_amd64_gcc10_CMSSW_12_4_8_tarball.tar.xz,/cvmfs/cms-griddata.cern.ch/phys_generator/gridpacks_tarball/pp/13p6TeV/madgraph/SMS-StopStop/SMS-StopStop_mStop-1050_slc7_amd64_gcc10_CMSSW_12_4_8_tarball.tar.xz,,,
SMS-T2bWC_Par-mStop-1100_TuneCP5_13p6TeV_madgraphMLM-pythia8,https://github.com/Kim-JiHeon-HEP/Run3_NPS_Stop_SMS_requests/blob/main/fragments/stop/SMS-T2bWC_mStop-1100_fragment.py,1000000,madgraph,/cvmfs/cms-griddata.cern.ch/phys_generator/gridpacks_tarball/pp/13p6TeV/madgraph/SMS-StopStop/SMS-StopStop_mStop-1100_slc7_amd64_gcc10_CMSSW_12_4_8_tarball.tar.xz,/cvmfs/cms-griddata.cern.ch/phys_generator/gridpacks_tarball/pp/13p6TeV/madgraph/SMS-StopStop/SMS-StopStop_mStop-1100_slc7_amd64_gcc10_CMSSW_12_4_8_tarball.tar.xz,,,
SMS-T2bWC_Par-mStop-1150_TuneCP5_13p6TeV_madgraphMLM-pythia8,https://github.com/Kim-JiHeon-HEP/Run3_NPS_Stop_SMS_requests/blob/main/fragments/stop/SMS-T2bWC_mStop-1150_fragment.py,1000000,madgraph,/cvmfs/cms-griddata.cern.ch/phys_generator/gridpacks_tarball/pp/13p6TeV/madgraph/SMS-StopStop/SMS-StopStop_mStop-1150_slc7_amd64_gcc10_CMSSW_12_4_8_tarball.tar.xz,/cvmfs/cms-griddata.cern.ch/phys_generator/gridpacks_tarball/pp/13p6TeV/madgraph/SMS-StopStop/SMS-StopStop_mStop-1150_slc7_amd64_gcc10_CMSSW_12_4_8_tarball.tar.xz,,,
SMS-T2bWC_Par-mStop-1200_TuneCP5_13p6TeV_madgraphMLM-pythia8,https://github.com/Kim-JiHeon-HEP/Run3_NPS_Stop_SMS_requests/blob/main/fragments/stop/SMS-T2bWC_mStop-1200_fragment.py,1000000,madgraph,/cvmfs/cms-griddata.cern.ch/phys_generator/gridpacks_tarball/pp/13p6TeV/madgraph/SMS-StopStop/SMS-StopStop_mStop-1200_slc7_amd64_gcc10_CMSSW_12_4_8_tarball.tar.xz,/cvmfs/cms-griddata.cern.ch/phys_generator/gridpacks_tarball/pp/13p6TeV/madgraph/SMS-StopStop/SMS-StopStop_mStop-1200_slc7_amd64_gcc10_CMSSW_12_4_8_tarball.tar.xz,,,
SMS-T2bWC_Par-mStop-300_TuneCP5_13p6TeV_madgraphMLM-pythia8,https://github.com/Kim-JiHeon-HEP/Run3_NPS_Stop_SMS_requests/blob/main/fragments/stop/SMS-T2bWC_mStop-300_fragment.py,10000000,madgraph,/cvmfs/cms-griddata.cern.ch/phys_generator/gridpacks_tarball/pp/13p6TeV/madgraphMLM/SMS-StopStop/SMS_StopStop_mStop_300_el8_amd64_gcc12_CMSSW_12_4_8_tarball.tar.xz,/cvmfs/cms-griddata.cern.ch/phys_generator/gridpacks_tarball/pp/13p6TeV/madgraphMLM/SMS-StopStop/SMS_StopStop_mStop_300_el8_amd64_gcc12_CMSSW_12_4_8_tarball.tar.xz,,,
SMS-T2bWC_Par-mStop-350_TuneCP5_13p6TeV_madgraphMLM-pythia8,https://github.com/Kim-JiHeon-HEP/Run3_NPS_Stop_SMS_requests/blob/main/fragments/stop/SMS-T2bWC_mStop-350_fragment.py,10000000,madgraph,https://github.com/Kim-JiHeon-HEP/Run3_NPS_Stop_SMS_requests/blob/main/gridpacks/SMS-StopStop_mStop-350_slc7_amd64_gcc10_CMSSW_12_4_8_tarball.tar.xz,https://github.com/Kim-JiHeon-HEP/Run3_NPS_Stop_SMS_requests/tree/main/gridpacks/SMS-StopStop_mStop-350,,,
SMS-T2bWC_Par-mStop-400_TuneCP5_13p6TeV_madgraphMLM-pythia8,https://github.com/Kim-JiHeon-HEP/Run3_NPS_Stop_SMS_requests/blob/main/fragments/stop/SMS-T2bWC_mStop-400_fragment.py,10000000,madgraph,/cvmfs/cms-griddata.cern.ch/phys_generator/gridpacks_tarball/pp/13p6TeV/madgraphMLM/SMS-StopStop/SMS_StopStop_mStop_400_el8_amd64_gcc12_CMSSW_12_4_8_tarball.tar.xz,/cvmfs/cms-griddata.cern.ch/phys_generator/gridpacks_tarball/pp/13p6TeV/madgraphMLM/SMS-StopStop/SMS_StopStop_mStop_400_el8_amd64_gcc12_CMSSW_12_4_8_tarball.tar.xz,,,
SMS-T2bWC_Par-mStop-450_TuneCP5_13p6TeV_madgraphMLM-pythia8,https://github.com/Kim-JiHeon-HEP/Run3_NPS_Stop_SMS_requests/blob/main/fragments/stop/SMS-T2bWC_mStop-450_fragment.py,5440000,madgraph,https://github.com/Kim-JiHeon-HEP/Run3_NPS_Stop_SMS_requests/blob/main/gridpacks/SMS-StopStop_mStop-450_slc7_amd64_gcc10_CMSSW_12_4_8_tarball.tar.xz,https://github.com/Kim-JiHeon-HEP/Run3_NPS_Stop_SMS_requests/tree/main/gridpacks/SMS-StopStop_mStop-450,,,
SMS-T2bWC_Par-mStop-500_TuneCP5_13p6TeV_madgraphMLM-pythia8,https://github.com/Kim-JiHeon-HEP/Run3_NPS_Stop_SMS_requests/blob/main/fragments/stop/SMS-T2bWC_mStop-500_fragment.py,3000000,madgraph,/cvmfs/cms-griddata.cern.ch/phys_generator/gridpacks_tarball/pp/13p6TeV/madgraphMLM/SMS-StopStop/SMS_StopStop_mStop_500_el8_amd64_gcc12_CMSSW_12_4_8_tarball.tar.xz,/cvmfs/cms-griddata.cern.ch/phys_generator/gridpacks_tarball/pp/13p6TeV/madgraphMLM/SMS-StopStop/SMS_StopStop_mStop_500_el8_amd64_gcc12_CMSSW_12_4_8_tarball.tar.xz,,,
SMS-T2bWC_Par-mStop-550_TuneCP5_13p6TeV_madgraphMLM-pythia8,https://github.com/Kim-JiHeon-HEP/Run3_NPS_Stop_SMS_requests/blob/main/fragments/stop/SMS-T2bWC_mStop-550_fragment.py,1720000,madgraph,https://github.com/Kim-JiHeon-HEP/Run3_NPS_Stop_SMS_requests/blob/main/gridpacks/SMS-StopStop_mStop-550_slc7_amd64_gcc10_CMSSW_12_4_8_tarball.tar.xz,https://github.com/Kim-JiHeon-HEP/Run3_NPS_Stop_SMS_requests/tree/main/gridpacks/SMS-StopStop_mStop-550,,,
SMS-T2bWC_Par-mStop-600_TuneCP5_13p6TeV_madgraphMLM-pythia8,https://github.com/Kim-JiHeon-HEP/Run3_NPS_Stop_SMS_requests/blob/main/fragments/stop/SMS-T2bWC_mStop-600_fragment.py,1030000,madgraph,/cvmfs/cms-griddata.cern.ch/phys_generator/gridpacks_tarball/pp/13p6TeV/madgraph/SMS-StopStop/SMS-StopStop_mStop-600_slc7_amd64_gcc10_CMSSW_12_4_8_tarball.tar.xz,/cvmfs/cms-griddata.cern.ch/phys_generator/gridpacks_tarball/pp/13p6TeV/madgraph/SMS-StopStop/SMS-StopStop_mStop-600_slc7_amd64_gcc10_CMSSW_12_4_8_tarball.tar.xz,,,
SMS-T2bWC_Par-mStop-650_TuneCP5_13p6TeV_madgraphMLM-pythia8,https://github.com/Kim-JiHeon-HEP/Run3_NPS_Stop_SMS_requests/blob/main/fragments/stop/SMS-T2bWC_mStop-650_fragment.py,1000000,madgraph,/cvmfs/cms-griddata.cern.ch/phys_generator/gridpacks_tarball/pp/13p6TeV/madgraph/SMS-StopStop/SMS-StopStop_mStop-650_slc7_amd64_gcc10_CMSSW_12_4_8_tarball.tar.xz,/cvmfs/cms-griddata.cern.ch/phys_generator/gridpacks_tarball/pp/13p6TeV/madgraph/SMS-StopStop/SMS-StopStop_mStop-650_slc7_amd64_gcc10_CMSSW_12_4_8_tarball.tar.xz,,,
SMS-T2bWC_Par-mStop-700_TuneCP5_13p6TeV_madgraphMLM-pythia8,https://github.com/Kim-JiHeon-HEP/Run3_NPS_Stop_SMS_requests/blob/main/fragments/stop/SMS-T2bWC_mStop-700_fragment.py,1000000,madgraph,/cvmfs/cms-griddata.cern.ch/phys_generator/gridpacks_tarball/pp/13p6TeV/madgraph/SMS-StopStop/SMS-StopStop_mStop-700_slc7_amd64_gcc10_CMSSW_12_4_8_tarball.tar.xz,/cvmfs/cms-griddata.cern.ch/phys_generator/gridpacks_tarball/pp/13p6TeV/madgraph/SMS-StopStop/SMS-StopStop_mStop-700_slc7_amd64_gcc10_CMSSW_12_4_8_tarball.tar.xz,,,
SMS-T2bWC_Par-mStop-750_TuneCP5_13p6TeV_madgraphMLM-pythia8,https://github.com/Kim-JiHeon-HEP/Run3_NPS_Stop_SMS_requests/blob/main/fragments/stop/SMS-T2bWC_mStop-750_fragment.py,1000000,madgraph,/cvmfs/cms-griddata.cern.ch/phys_generator/gridpacks_tarball/pp/13p6TeV/madgraph/SMS-StopStop/SMS-StopStop_mStop-750_slc7_amd64_gcc10_CMSSW_12_4_8_tarball.tar.xz,/cvmfs/cms-griddata.cern.ch/phys_generator/gridpacks_tarball/pp/13p6TeV/madgraph/SMS-StopStop/SMS-StopStop_mStop-750_slc7_amd64_gcc10_CMSSW_12_4_8_tarball.tar.xz,,,
SMS-T2bWC_Par-mStop-800_TuneCP5_13p6TeV_madgraphMLM-pythia8,https://github.com/Kim-JiHeon-HEP/Run3_NPS_Stop_SMS_requests/blob/main/fragments/stop/SMS-T2bWC_mStop-800_fragment.py,1000000,madgraph,/cvmfs/cms-griddata.cern.ch/phys_generator/gridpacks_tarball/pp/13p6TeV/madgraph/SMS-StopStop/SMS-StopStop_mStop-800_slc7_amd64_gcc10_CMSSW_12_4_8_tarball.tar.xz,/cvmfs/cms-griddata.cern.ch/phys_generator/gridpacks_tarball/pp/13p6TeV/madgraph/SMS-StopStop/SMS-StopStop_mStop-800_slc7_amd64_gcc10_CMSSW_12_4_8_tarball.tar.xz,,,
SMS-T2bWC_Par-mStop-850_TuneCP5_13p6TeV_madgraphMLM-pythia8,https://github.com/Kim-JiHeon-HEP/Run3_NPS_Stop_SMS_requests/blob/main/fragments/stop/SMS-T2bWC_mStop-850_fragment.py,1000000,madgraph,/cvmfs/cms-griddata.cern.ch/phys_generator/gridpacks_tarball/pp/13p6TeV/madgraph/SMS-StopStop/SMS-StopStop_mStop-850_slc7_amd64_gcc10_CMSSW_12_4_8_tarball.tar.xz,/cvmfs/cms-griddata.cern.ch/phys_generator/gridpacks_tarball/pp/13p6TeV/madgraph/SMS-StopStop/SMS-StopStop_mStop-850_slc7_amd64_gcc10_CMSSW_12_4_8_tarball.tar.xz,,,
SMS-T2bWC_Par-mStop-900_TuneCP5_13p6TeV_madgraphMLM-pythia8,https://github.com/Kim-JiHeon-HEP/Run3_NPS_Stop_SMS_requests/blob/main/fragments/stop/SMS-T2bWC_mStop-900_fragment.py,1000000,madgraph,/cvmfs/cms-griddata.cern.ch/phys_generator/gridpacks_tarball/pp/13p6TeV/madgraph/SMS-StopStop/SMS-StopStop_mStop-900_slc7_amd64_gcc10_CMSSW_12_4_8_tarball.tar.xz,/cvmfs/cms-griddata.cern.ch/phys_generator/gridpacks_tarball/pp/13p6TeV/madgraph/SMS-StopStop/SMS-StopStop_mStop-900_slc7_amd64_gcc10_CMSSW_12_4_8_tarball.tar.xz,,,
SMS-T2bWC_Par-mStop-950_TuneCP5_13p6TeV_madgraphMLM-pythia8,https://github.com/Kim-JiHeon-HEP/Run3_NPS_Stop_SMS_requests/blob/main/fragments/stop/SMS-T2bWC_mStop-950_fragment.py,1000000,madgraph,/cvmfs/cms-griddata.cern.ch/phys_generator/gridpacks_tarball/pp/13p6TeV/madgraph/SMS-StopStop/SMS-StopStop_mStop-950_slc7_amd64_gcc10_CMSSW_12_4_8_tarball.tar.xz,/cvmfs/cms-griddata.cern.ch/phys_generator/gridpacks_tarball/pp/13p6TeV/madgraph/SMS-StopStop/SMS-StopStop_mStop-950_slc7_amd64_gcc10_CMSSW_12_4_8_tarball.tar.xz,,,
SMS-T2cc_Par-mStop-1000_TuneCP5_13p6TeV_madgraphMLM-pythia8,https://github.com/Kim-JiHeon-HEP/Run3_NPS_Stop_SMS_requests/blob/main/fragments/stop/SMS-T2cc_mStop-1000_fragment.py,1000000,madgraph,/cvmfs/cms-griddata.cern.ch/phys_generator/gridpacks_tarball/pp/13p6TeV/madgraph/SMS-StopStop/SMS-StopStop_mStop-1000_slc7_amd64_gcc10_CMSSW_12_4_8_tarball.tar.xz,/cvmfs/cms-griddata.cern.ch/phys_generator/gridpacks_tarball/pp/13p6TeV/madgraph/SMS-StopStop/SMS-StopStop_mStop-1000_slc7_amd64_gcc10_CMSSW_12_4_8_tarball.tar.xz,,,
SMS-T2cc_Par-mStop-1050_TuneCP5_13p6TeV_madgraphMLM-pythia8,https://github.com/Kim-JiHeon-HEP/Run3_NPS_Stop_SMS_requests/blob/main/fragments/stop/SMS-T2cc_mStop-1050_fragment.py,1000000,madgraph,/cvmfs/cms-griddata.cern.ch/phys_generator/gridpacks_tarball/pp/13p6TeV/madgraph/SMS-StopStop/SMS-StopStop_mStop-1050_slc7_amd64_gcc10_CMSSW_12_4_8_tarball.tar.xz,/cvmfs/cms-griddata.cern.ch/phys_generator/gridpacks_tarball/pp/13p6TeV/madgraph/SMS-StopStop/SMS-StopStop_mStop-1050_slc7_amd64_gcc10_CMSSW_12_4_8_tarball.tar.xz,,,
SMS-T2cc_Par-mStop-1100_TuneCP5_13p6TeV_madgraphMLM-pythia8,https://github.com/Kim-JiHeon-HEP/Run3_NPS_Stop_SMS_requests/blob/main/fragments/stop/SMS-T2cc_mStop-1100_fragment.py,1000000,madgraph,/cvmfs/cms-griddata.cern.ch/phys_generator/gridpacks_tarball/pp/13p6TeV/madgraph/SMS-StopStop/SMS-StopStop_mStop-1100_slc7_amd64_gcc10_CMSSW_12_4_8_tarball.tar.xz,/cvmfs/cms-griddata.cern.ch/phys_generator/gridpacks_tarball/pp/13p6TeV/madgraph/SMS-StopStop/SMS-StopStop_mStop-1100_slc7_amd64_gcc10_CMSSW_12_4_8_tarball.tar.xz,,,
SMS-T2cc_Par-mStop-1150_TuneCP5_13p6TeV_madgraphMLM-pythia8,https://github.com/Kim-JiHeon-HEP/Run3_NPS_Stop_SMS_requests/blob/main/fragments/stop/SMS-T2cc_mStop-1150_fragment.py,1000000,madgraph,/cvmfs/cms-griddata.cern.ch/phys_generator/gridpacks_tarball/pp/13p6TeV/madgraph/SMS-StopStop/SMS-StopStop_mStop-1150_slc7_amd64_gcc10_CMSSW_12_4_8_tarball.tar.xz,/cvmfs/cms-griddata.cern.ch/phys_generator/gridpacks_tarball/pp/13p6TeV/madgraph/SMS-StopStop/SMS-StopStop_mStop-1150_slc7_amd64_gcc10_CMSSW_12_4_8_tarball.tar.xz,,,
SMS-T2cc_Par-mStop-1200_TuneCP5_13p6TeV_madgraphMLM-pythia8,https://github.com/Kim-JiHeon-HEP/Run3_NPS_Stop_SMS_requests/blob/main/fragments/stop/SMS-T2cc_mStop-1200_fragment.py,1000000,madgraph,/cvmfs/cms-griddata.cern.ch/phys_generator/gridpacks_tarball/pp/13p6TeV/madgraph/SMS-StopStop/SMS-StopStop_mStop-1200_slc7_amd64_gcc10_CMSSW_12_4_8_tarball.tar.xz,/cvmfs/cms-griddata.cern.ch/phys_generator/gridpacks_tarball/pp/13p6TeV/madgraph/SMS-StopStop/SMS-StopStop_mStop-1200_slc7_amd64_gcc10_CMSSW_12_4_8_tarball.tar.xz,,,
SMS-T2cc_Par-mStop-300_TuneCP5_13p6TeV_madgraphMLM-pythia8,https://github.com/Kim-JiHeon-HEP/Run3_NPS_Stop_SMS_requests/blob/main/fragments/stop/SMS-T2cc_mStop-300_fragment.py,10000000,madgraph,/cvmfs/cms-griddata.cern.ch/phys_generator/gridpacks_tarball/pp/13p6TeV/madgraphMLM/SMS-StopStop/SMS_StopStop_mStop_300_el8_amd64_gcc12_CMSSW_12_4_8_tarball.tar.xz,/cvmfs/cms-griddata.cern.ch/phys_generator/gridpacks_tarball/pp/13p6TeV/madgraphMLM/SMS-StopStop/SMS_StopStop_mStop_300_el8_amd64_gcc12_CMSSW_12_4_8_tarball.tar.xz,,,
SMS-T2cc_Par-mStop-350_TuneCP5_13p6TeV_madgraphMLM-pythia8,https://github.com/Kim-JiHeon-HEP/Run3_NPS_Stop_SMS_requests/blob/main/fragments/stop/SMS-T2cc_mStop-350_fragment.py,10000000,madgraph,https://github.com/Kim-JiHeon-HEP/Run3_NPS_Stop_SMS_requests/blob/main/gridpacks/SMS-StopStop_mStop-350_slc7_amd64_gcc10_CMSSW_12_4_8_tarball.tar.xz,https://github.com/Kim-JiHeon-HEP/Run3_NPS_Stop_SMS_requests/tree/main/gridpacks/SMS-StopStop_mStop-350,,,
SMS-T2cc_Par-mStop-400_TuneCP5_13p6TeV_madgraphMLM-pythia8,https://github.com/Kim-JiHeon-HEP/Run3_NPS_Stop_SMS_requests/blob/main/fragments/stop/SMS-T2cc_mStop-400_fragment.py,10000000,madgraph,/cvmfs/cms-griddata.cern.ch/phys_generator/gridpacks_tarball/pp/13p6TeV/madgraphMLM/SMS-StopStop/SMS_StopStop_mStop_400_el8_amd64_gcc12_CMSSW_12_4_8_tarball.tar.xz,/cvmfs/cms-griddata.cern.ch/phys_generator/gridpacks_tarball/pp/13p6TeV/madgraphMLM/SMS-StopStop/SMS_StopStop_mStop_400_el8_amd64_gcc12_CMSSW_12_4_8_tarball.tar.xz,,,
SMS-T2cc_Par-mStop-450_TuneCP5_13p6TeV_madgraphMLM-pythia8,https://github.com/Kim-JiHeon-HEP/Run3_NPS_Stop_SMS_requests/blob/main/fragments/stop/SMS-T2cc_mStop-450_fragment.py,5440000,madgraph,https://github.com/Kim-JiHeon-HEP/Run3_NPS_Stop_SMS_requests/blob/main/gridpacks/SMS-StopStop_mStop-450_slc7_amd64_gcc10_CMSSW_12_4_8_tarball.tar.xz,https://github.com/Kim-JiHeon-HEP/Run3_NPS_Stop_SMS_requests/tree/main/gridpacks/SMS-StopStop_mStop-450,,,
SMS-T2cc_Par-mStop-500_TuneCP5_13p6TeV_madgraphMLM-pythia8,https://github.com/Kim-JiHeon-HEP/Run3_NPS_Stop_SMS_requests/blob/main/fragments/stop/SMS-T2cc_mStop-500_fragment.py,3000000,madgraph,/cvmfs/cms-griddata.cern.ch/phys_generator/gridpacks_tarball/pp/13p6TeV/madgraphMLM/SMS-StopStop/SMS_StopStop_mStop_500_el8_amd64_gcc12_CMSSW_12_4_8_tarball.tar.xz,/cvmfs/cms-griddata.cern.ch/phys_generator/gridpacks_tarball/pp/13p6TeV/madgraphMLM/SMS-StopStop/SMS_StopStop_mStop_500_el8_amd64_gcc12_CMSSW_12_4_8_tarball.tar.xz,,,
SMS-T2cc_Par-mStop-550_TuneCP5_13p6TeV_madgraphMLM-pythia8,https://github.com/Kim-JiHeon-HEP/Run3_NPS_Stop_SMS_requests/blob/main/fragments/stop/SMS-T2cc_mStop-550_fragment.py,1720000,madgraph,https://github.com/Kim-JiHeon-HEP/Run3_NPS_Stop_SMS_requests/blob/main/gridpacks/SMS-StopStop_mStop-550_slc7_amd64_gcc10_CMSSW_12_4_8_tarball.tar.xz,https://github.com/Kim-JiHeon-HEP/Run3_NPS_Stop_SMS_requests/tree/main/gridpacks/SMS-StopStop_mStop-550,,,
SMS-T2cc_Par-mStop-600_TuneCP5_13p6TeV_madgraphMLM-pythia8,https://github.com/Kim-JiHeon-HEP/Run3_NPS_Stop_SMS_requests/blob/main/fragments/stop/SMS-T2cc_mStop-600_fragment.py,1030000,madgraph,/cvmfs/cms-griddata.cern.ch/phys_generator/gridpacks_tarball/pp/13p6TeV/madgraph/SMS-StopStop/SMS-StopStop_mStop-600_slc7_amd64_gcc10_CMSSW_12_4_8_tarball.tar.xz,/cvmfs/cms-griddata.cern.ch/phys_generator/gridpacks_tarball/pp/13p6TeV/madgraph/SMS-StopStop/SMS-StopStop_mStop-600_slc7_amd64_gcc10_CMSSW_12_4_8_tarball.tar.xz,,,
SMS-T2cc_Par-mStop-650_TuneCP5_13p6TeV_madgraphMLM-pythia8,https://github.com/Kim-JiHeon-HEP/Run3_NPS_Stop_SMS_requests/blob/main/fragments/stop/SMS-T2cc_mStop-650_fragment.py,1000000,madgraph,/cvmfs/cms-griddata.cern.ch/phys_generator/gridpacks_tarball/pp/13p6TeV/madgraph/SMS-StopStop/SMS-StopStop_mStop-650_slc7_amd64_gcc10_CMSSW_12_4_8_tarball.tar.xz,/cvmfs/cms-griddata.cern.ch/phys_generator/gridpacks_tarball/pp/13p6TeV/madgraph/SMS-StopStop/SMS-StopStop_mStop-650_slc7_amd64_gcc10_CMSSW_12_4_8_tarball.tar.xz,,,
SMS-T2cc_Par-mStop-700_TuneCP5_13p6TeV_madgraphMLM-pythia8,https://github.com/Kim-JiHeon-HEP/Run3_NPS_Stop_SMS_requests/blob/main/fragments/stop/SMS-T2cc_mStop-700_fragment.py,1000000,madgraph,/cvmfs/cms-griddata.cern.ch/phys_generator/gridpacks_tarball/pp/13p6TeV/madgraph/SMS-StopStop/SMS-StopStop_mStop-700_slc7_amd64_gcc10_CMSSW_12_4_8_tarball.tar.xz,/cvmfs/cms-griddata.cern.ch/phys_generator/gridpacks_tarball/pp/13p6TeV/madgraph/SMS-StopStop/SMS-StopStop_mStop-700_slc7_amd64_gcc10_CMSSW_12_4_8_tarball.tar.xz,,,
SMS-T2cc_Par-mStop-750_TuneCP5_13p6TeV_madgraphMLM-pythia8,https://github.com/Kim-JiHeon-HEP/Run3_NPS_Stop_SMS_requests/blob/main/fragments/stop/SMS-T2cc_mStop-750_fragment.py,1000000,madgraph,/cvmfs/cms-griddata.cern.ch/phys_generator/gridpacks_tarball/pp/13p6TeV/madgraph/SMS-StopStop/SMS-StopStop_mStop-750_slc7_amd64_gcc10_CMSSW_12_4_8_tarball.tar.xz,/cvmfs/cms-griddata.cern.ch/phys_generator/gridpacks_tarball/pp/13p6TeV/madgraph/SMS-StopStop/SMS-StopStop_mStop-750_slc7_amd64_gcc10_CMSSW_12_4_8_tarball.tar.xz,,,
SMS-T2cc_Par-mStop-800_TuneCP5_13p6TeV_madgraphMLM-pythia8,https://github.com/Kim-JiHeon-HEP/Run3_NPS_Stop_SMS_requests/blob/main/fragments/stop/SMS-T2cc_mStop-800_fragment.py,1000000,madgraph,/cvmfs/cms-griddata.cern.ch/phys_generator/gridpacks_tarball/pp/13p6TeV/madgraph/SMS-StopStop/SMS-StopStop_mStop-800_slc7_amd64_gcc10_CMSSW_12_4_8_tarball.tar.xz,/cvmfs/cms-griddata.cern.ch/phys_generator/gridpacks_tarball/pp/13p6TeV/madgraph/SMS-StopStop/SMS-StopStop_mStop-800_slc7_amd64_gcc10_CMSSW_12_4_8_tarball.tar.xz,,,
SMS-T2cc_Par-mStop-850_TuneCP5_13p6TeV_madgraphMLM-pythia8,https://github.com/Kim-JiHeon-HEP/Run3_NPS_Stop_SMS_requests/blob/main/fragments/stop/SMS-T2cc_mStop-850_fragment.py,1000000,madgraph,/cvmfs/cms-griddata.cern.ch/phys_generator/gridpacks_tarball/pp/13p6TeV/madgraph/SMS-StopStop/SMS-StopStop_mStop-850_slc7_amd64_gcc10_CMSSW_12_4_8_tarball.tar.xz,/cvmfs/cms-griddata.cern.ch/phys_generator/gridpacks_tarball/pp/13p6TeV/madgraph/SMS-StopStop/SMS-StopStop_mStop-850_slc7_amd64_gcc10_CMSSW_12_4_8_tarball.tar.xz,,,
SMS-T2cc_Par-mStop-900_TuneCP5_13p6TeV_madgraphMLM-pythia8,https://github.com/Kim-JiHeon-HEP/Run3_NPS_Stop_SMS_requests/blob/main/fragments/stop/SMS-T2cc_mStop-900_fragment.py,1000000,madgraph,/cvmfs/cms-griddata.cern.ch/phys_generator/gridpacks_tarball/pp/13p6TeV/madgraph/SMS-StopStop/SMS-StopStop_mStop-900_slc7_amd64_gcc10_CMSSW_12_4_8_tarball.tar.xz,/cvmfs/cms-griddata.cern.ch/phys_generator/gridpacks_tarball/pp/13p6TeV/madgraph/SMS-StopStop/SMS-StopStop_mStop-900_slc7_amd64_gcc10_CMSSW_12_4_8_tarball.tar.xz,,,
SMS-T2cc_Par-mStop-950_TuneCP5_13p6TeV_madgraphMLM-pythia8,https://github.com/Kim-JiHeon-HEP/Run3_NPS_Stop_SMS_requests/blob/main/fragments/stop/SMS-T2cc_mStop-950_fragment.py,1000000,madgraph,/cvmfs/cms-griddata.cern.ch/phys_generator/gridpacks_tarball/pp/13p6TeV/madgraph/SMS-StopStop/SMS-StopStop_mStop-950_slc7_amd64_gcc10_CMSSW_12_4_8_tarball.tar.xz,/cvmfs/cms-griddata.cern.ch/phys_generator/gridpacks_tarball/pp/13p6TeV/madgraph/SMS-StopStop/SMS-StopStop_mStop-950_slc7_amd64_gcc10_CMSSW_12_4_8_tarball.tar.xz,,,
SMS-T2ttC_Par-mStop-1000_TuneCP5_13p6TeV_madgraphMLM-pythia8,https://github.com/Kim-JiHeon-HEP/Run3_NPS_Stop_SMS_requests/blob/main/fragments/stop/SMS-T2ttC_mStop-1000_fragment.py,1200000,madgraph,/cvmfs/cms-griddata.cern.ch/phys_generator/gridpacks_tarball/pp/13p6TeV/madgraph/SMS-StopStop/SMS-StopStop_mStop-1000_slc7_amd64_gcc10_CMSSW_12_4_8_tarball.tar.xz,/cvmfs/cms-griddata.cern.ch/phys_generator/gridpacks_tarball/pp/13p6TeV/madgraph/SMS-StopStop/SMS-StopStop_mStop-1000_slc7_amd64_gcc10_CMSSW_12_4_8_tarball.tar.xz,,,
SMS-T2ttC_Par-mStop-1050_TuneCP5_13p6TeV_madgraphMLM-pythia8,https://github.com/Kim-JiHeon-HEP/Run3_NPS_Stop_SMS_requests/blob/main/fragments/stop/SMS-T2ttC_mStop-1050_fragment.py,1200000,madgraph,/cvmfs/cms-griddata.cern.ch/phys_generator/gridpacks_tarball/pp/13p6TeV/madgraph/SMS-StopStop/SMS-StopStop_mStop-1050_slc7_amd64_gcc10_CMSSW_12_4_8_tarball.tar.xz,/cvmfs/cms-griddata.cern.ch/phys_generator/gridpacks_tarball/pp/13p6TeV/madgraph/SMS-StopStop/SMS-StopStop_mStop-1050_slc7_amd64_gcc10_CMSSW_12_4_8_tarball.tar.xz,,,
SMS-T2ttC_Par-mStop-1100_TuneCP5_13p6TeV_madgraphMLM-pythia8,https://github.com/Kim-JiHeon-HEP/Run3_NPS_Stop_SMS_requests/blob/main/fragments/stop/SMS-T2ttC_mStop-1100_fragment.py,1200000,madgraph,/cvmfs/cms-griddata.cern.ch/phys_generator/gridpacks_tarball/pp/13p6TeV/madgraph/SMS-StopStop/SMS-StopStop_mStop-1100_slc7_amd64_gcc10_CMSSW_12_4_8_tarball.tar.xz,/cvmfs/cms-griddata.cern.ch/phys_generator/gridpacks_tarball/pp/13p6TeV/madgraph/SMS-StopStop/SMS-StopStop_mStop-1100_slc7_amd64_gcc10_CMSSW_12_4_8_tarball.tar.xz,,,
SMS-T2ttC_Par-mStop-1150_TuneCP5_13p6TeV_madgraphMLM-pythia8,https://github.com/Kim-JiHeon-HEP/Run3_NPS_Stop_SMS_requests/blob/main/fragments/stop/SMS-T2ttC_mStop-1150_fragment.py,1200000,madgraph,/cvmfs/cms-griddata.cern.ch/phys_generator/gridpacks_tarball/pp/13p6TeV/madgraph/SMS-StopStop/SMS-StopStop_mStop-1150_slc7_amd64_gcc10_CMSSW_12_4_8_tarball.tar.xz,/cvmfs/cms-griddata.cern.ch/phys_generator/gridpacks_tarball/pp/13p6TeV/madgraph/SMS-StopStop/SMS-StopStop_mStop-1150_slc7_amd64_gcc10_CMSSW_12_4_8_tarball.tar.xz,,,
SMS-T2ttC_Par-mStop-1200_TuneCP5_13p6TeV_madgraphMLM-pythia8,https://github.com/Kim-JiHeon-HEP/Run3_NPS_Stop_SMS_requests/blob/main/fragments/stop/SMS-T2ttC_mStop-1200_fragment.py,1200000,madgraph,/cvmfs/cms-griddata.cern.ch/phys_generator/gridpacks_tarball/pp/13p6TeV/madgraph/SMS-StopStop/SMS-StopStop_mStop-1200_slc7_amd64_gcc10_CMSSW_12_4_8_tarball.tar.xz,/cvmfs/cms-griddata.cern.ch/phys_generator/gridpacks_tarball/pp/13p6TeV/madgraph/SMS-StopStop/SMS-StopStop_mStop-1200_slc7_amd64_gcc10_CMSSW_12_4_8_tarball.tar.xz,,,
SMS-T2ttC_Par-mStop-300_TuneCP5_13p6TeV_madgraphMLM-pythia8,https://github.com/Kim-JiHeon-HEP/Run3_NPS_Stop_SMS_requests/blob/main/fragments/stop/SMS-T2ttC_mStop-300_fragment.py,12000000,madgraph,/cvmfs/cms-griddata.cern.ch/phys_generator/gridpacks_tarball/pp/13p6TeV/madgraphMLM/SMS-StopStop/SMS_StopStop_mStop_300_el8_amd64_gcc12_CMSSW_12_4_8_tarball.tar.xz,/cvmfs/cms-griddata.cern.ch/phys_generator/gridpacks_tarball/pp/13p6TeV/madgraphMLM/SMS-StopStop/SMS_StopStop_mStop_300_el8_amd64_gcc12_CMSSW_12_4_8_tarball.tar.xz,,,
SMS-T2ttC_Par-mStop-350_TuneCP5_13p6TeV_madgraphMLM-pythia8,https://github.com/Kim-JiHeon-HEP/Run3_NPS_Stop_SMS_requests/blob/main/fragments/stop/SMS-T2ttC_mStop-350_fragment.py,12000000,madgraph,https://github.com/Kim-JiHeon-HEP/Run3_NPS_Stop_SMS_requests/blob/main/gridpacks/SMS-StopStop_mStop-350_slc7_amd64_gcc10_CMSSW_12_4_8_tarball.tar.xz,https://github.com/Kim-JiHeon-HEP/Run3_NPS_Stop_SMS_requests/tree/main/gridpacks/SMS-StopStop_mStop-350,,,
SMS-T2ttC_Par-mStop-400_TuneCP5_13p6TeV_madgraphMLM-pythia8,https://github.com/Kim-JiHeon-HEP/Run3_NPS_Stop_SMS_requests/blob/main/fragments/stop/SMS-T2ttC_mStop-400_fragment.py,12000000,madgraph,/cvmfs/cms-griddata.cern.ch/phys_generator/gridpacks_tarball/pp/13p6TeV/madgraphMLM/SMS-StopStop/SMS_StopStop_mStop_400_el8_amd64_gcc12_CMSSW_12_4_8_tarball.tar.xz,/cvmfs/cms-griddata.cern.ch/phys_generator/gridpacks_tarball/pp/13p6TeV/madgraphMLM/SMS-StopStop/SMS_StopStop_mStop_400_el8_amd64_gcc12_CMSSW_12_4_8_tarball.tar.xz,,,
SMS-T2ttC_Par-mStop-450_TuneCP5_13p6TeV_madgraphMLM-pythia8,https://github.com/Kim-JiHeon-HEP/Run3_NPS_Stop_SMS_requests/blob/main/fragments/stop/SMS-T2ttC_mStop-450_fragment.py,6528000,madgraph,https://github.com/Kim-JiHeon-HEP/Run3_NPS_Stop_SMS_requests/blob/main/gridpacks/SMS-StopStop_mStop-450_slc7_amd64_gcc10_CMSSW_12_4_8_tarball.tar.xz,https://github.com/Kim-JiHeon-HEP/Run3_NPS_Stop_SMS_requests/tree/main/gridpacks/SMS-StopStop_mStop-450,,,
SMS-T2ttC_Par-mStop-500_TuneCP5_13p6TeV_madgraphMLM-pythia8,https://github.com/Kim-JiHeon-HEP/Run3_NPS_Stop_SMS_requests/blob/main/fragments/stop/SMS-T2ttC_mStop-500_fragment.py,3600000,madgraph,/cvmfs/cms-griddata.cern.ch/phys_generator/gridpacks_tarball/pp/13p6TeV/madgraphMLM/SMS-StopStop/SMS_StopStop_mStop_500_el8_amd64_gcc12_CMSSW_12_4_8_tarball.tar.xz,/cvmfs/cms-griddata.cern.ch/phys_generator/gridpacks_tarball/pp/13p6TeV/madgraphMLM/SMS-StopStop/SMS_StopStop_mStop_500_el8_amd64_gcc12_CMSSW_12_4_8_tarball.tar.xz,,,
SMS-T2ttC_Par-mStop-550_TuneCP5_13p6TeV_madgraphMLM-pythia8,https://github.com/Kim-JiHeon-HEP/Run3_NPS_Stop_SMS_requests/blob/main/fragments/stop/SMS-T2ttC_mStop-550_fragment.py,2064000,madgraph,https://github.com/Kim-JiHeon-HEP/Run3_NPS_Stop_SMS_requests/blob/main/gridpacks/SMS-StopStop_mStop-550_slc7_amd64_gcc10_CMSSW_12_4_8_tarball.tar.xz,https://github.com/Kim-JiHeon-HEP/Run3_NPS_Stop_SMS_requests/tree/main/gridpacks/SMS-StopStop_mStop-550,,,
SMS-T2ttC_Par-mStop-600_TuneCP5_13p6TeV_madgraphMLM-pythia8,https://github.com/Kim-JiHeon-HEP/Run3_NPS_Stop_SMS_requests/blob/main/fragments/stop/SMS-T2ttC_mStop-600_fragment.py,1236000,madgraph,/cvmfs/cms-griddata.cern.ch/phys_generator/gridpacks_tarball/pp/13p6TeV/madgraph/SMS-StopStop/SMS-StopStop_mStop-600_slc7_amd64_gcc10_CMSSW_12_4_8_tarball.tar.xz,/cvmfs/cms-griddata.cern.ch/phys_generator/gridpacks_tarball/pp/13p6TeV/madgraph/SMS-StopStop/SMS-StopStop_mStop-600_slc7_amd64_gcc10_CMSSW_12_4_8_tarball.tar.xz,,,
SMS-T2ttC_Par-mStop-650_TuneCP5_13p6TeV_madgraphMLM-pythia8,https://github.com/Kim-JiHeon-HEP/Run3_NPS_Stop_SMS_requests/blob/main/fragments/stop/SMS-T2ttC_mStop-650_fragment.py,1200000,madgraph,/cvmfs/cms-griddata.cern.ch/phys_generator/gridpacks_tarball/pp/13p6TeV/madgraph/SMS-StopStop/SMS-StopStop_mStop-650_slc7_amd64_gcc10_CMSSW_12_4_8_tarball.tar.xz,/cvmfs/cms-griddata.cern.ch/phys_generator/gridpacks_tarball/pp/13p6TeV/madgraph/SMS-StopStop/SMS-StopStop_mStop-650_slc7_amd64_gcc10_CMSSW_12_4_8_tarball.tar.xz,,,
SMS-T2ttC_Par-mStop-700_TuneCP5_13p6TeV_madgraphMLM-pythia8,https://github.com/Kim-JiHeon-HEP/Run3_NPS_Stop_SMS_requests/blob/main/fragments/stop/SMS-T2ttC_mStop-700_fragment.py,1200000,madgraph,/cvmfs/cms-griddata.cern.ch/phys_generator/gridpacks_tarball/pp/13p6TeV/madgraph/SMS-StopStop/SMS-StopStop_mStop-700_slc7_amd64_gcc10_CMSSW_12_4_8_tarball.tar.xz,/cvmfs/cms-griddata.cern.ch/phys_generator/gridpacks_tarball/pp/13p6TeV/madgraph/SMS-StopStop/SMS-StopStop_mStop-700_slc7_amd64_gcc10_CMSSW_12_4_8_tarball.tar.xz,,,
SMS-T2ttC_Par-mStop-750_TuneCP5_13p6TeV_madgraphMLM-pythia8,https://github.com/Kim-JiHeon-HEP/Run3_NPS_Stop_SMS_requests/blob/main/fragments/stop/SMS-T2ttC_mStop-750_fragment.py,1200000,madgraph,/cvmfs/cms-griddata.cern.ch/phys_generator/gridpacks_tarball/pp/13p6TeV/madgraph/SMS-StopStop/SMS-StopStop_mStop-750_slc7_amd64_gcc10_CMSSW_12_4_8_tarball.tar.xz,/cvmfs/cms-griddata.cern.ch/phys_generator/gridpacks_tarball/pp/13p6TeV/madgraph/SMS-StopStop/SMS-StopStop_mStop-750_slc7_amd64_gcc10_CMSSW_12_4_8_tarball.tar.xz,,,
SMS-T2ttC_Par-mStop-800_TuneCP5_13p6TeV_madgraphMLM-pythia8,https://github.com/Kim-JiHeon-HEP/Run3_NPS_Stop_SMS_requests/blob/main/fragments/stop/SMS-T2ttC_mStop-800_fragment.py,1200000,madgraph,/cvmfs/cms-griddata.cern.ch/phys_generator/gridpacks_tarball/pp/13p6TeV/madgraph/SMS-StopStop/SMS-StopStop_mStop-800_slc7_amd64_gcc10_CMSSW_12_4_8_tarball.tar.xz,/cvmfs/cms-griddata.cern.ch/phys_generator/gridpacks_tarball/pp/13p6TeV/madgraph/SMS-StopStop/SMS-StopStop_mStop-800_slc7_amd64_gcc10_CMSSW_12_4_8_tarball.tar.xz,,,
SMS-T2ttC_Par-mStop-850_TuneCP5_13p6TeV_madgraphMLM-pythia8,https://github.com/Kim-JiHeon-HEP/Run3_NPS_Stop_SMS_requests/blob/main/fragments/stop/SMS-T2ttC_mStop-850_fragment.py,1200000,madgraph,/cvmfs/cms-griddata.cern.ch/phys_generator/gridpacks_tarball/pp/13p6TeV/madgraph/SMS-StopStop/SMS-StopStop_mStop-850_slc7_amd64_gcc10_CMSSW_12_4_8_tarball.tar.xz,/cvmfs/cms-griddata.cern.ch/phys_generator/gridpacks_tarball/pp/13p6TeV/madgraph/SMS-StopStop/SMS-StopStop_mStop-850_slc7_amd64_gcc10_CMSSW_12_4_8_tarball.tar.xz,,,
SMS-T2ttC_Par-mStop-900_TuneCP5_13p6TeV_madgraphMLM-pythia8,https://github.com/Kim-JiHeon-HEP/Run3_NPS_Stop_SMS_requests/blob/main/fragments/stop/SMS-T2ttC_mStop-900_fragment.py,1200000,madgraph,/cvmfs/cms-griddata.cern.ch/phys_generator/gridpacks_tarball/pp/13p6TeV/madgraph/SMS-StopStop/SMS-StopStop_mStop-900_slc7_amd64_gcc10_CMSSW_12_4_8_tarball.tar.xz,/cvmfs/cms-griddata.cern.ch/phys_generator/gridpacks_tarball/pp/13p6TeV/madgraph/SMS-StopStop/SMS-StopStop_mStop-900_slc7_amd64_gcc10_CMSSW_12_4_8_tarball.tar.xz,,,
SMS-T2ttC_Par-mStop-950_TuneCP5_13p6TeV_madgraphMLM-pythia8,https://github.com/Kim-JiHeon-HEP/Run3_NPS_Stop_SMS_requests/blob/main/fragments/stop/SMS-T2ttC_mStop-950_fragment.py,1200000,madgraph,/cvmfs/cms-griddata.cern.ch/phys_generator/gridpacks_tarball/pp/13p6TeV/madgraph/SMS-StopStop/SMS-StopStop_mStop-950_slc7_amd64_gcc10_CMSSW_12_4_8_tarball.tar.xz,/cvmfs/cms-griddata.cern.ch/phys_generator/gridpacks_tarball/pp/13p6TeV/madgraph/SMS-StopStop/SMS-StopStop_mStop-950_slc7_amd64_gcc10_CMSSW_12_4_8_tarball.tar.xz,,,
SMS-T1ttbb_Par-mGluino-1000_TuneCP5_13p6TeV_madgraphMLM-pythia8,https://github.com/Kim-JiHeon-HEP/Run3_NPS_Stop_SMS_requests/blob/main/fragments/gluino/SMS-T1ttbb_mGluino-1000_fragment.py,2716000,madgraph,/cvmfs/cms.cern.ch/phys_generator/gridpacks/RunIII/13p6TeV/slc7_amd64_gcc10/MadGraph5_aMCatNLO/SUSY_SMS/SMS-GlGl/SMS-GlGl_mGl-1000_slc7_amd64_gcc10_CMSSW_12_4_8_tarball.tar.xz,/cvmfs/cms.cern.ch/phys_generator/gridpacks/RunIII/13p6TeV/slc7_amd64_gcc10/MadGraph5_aMCatNLO/SUSY_SMS/SMS-GlGl/SMS-GlGl_mGl-1000_slc7_amd64_gcc10_CMSSW_12_4_8_tarball.tar.xz,,,
SMS-T1ttbb_Par-mGluino-1050_TuneCP5_13p6TeV_madgraphMLM-pythia8,https://github.com/Kim-JiHeon-HEP/Run3_NPS_Stop_SMS_requests/blob/main/fragments/gluino/SMS-T1ttbb_mGluino-1050_fragment.py,1656000,madgraph,/cvmfs/cms.cern.ch/phys_generator/gridpacks/RunIII/13p6TeV/slc7_amd64_gcc10/MadGraph5_aMCatNLO/SUSY_SMS/SMS-GlGl/SMS-GlGl_mGl-1050_slc7_amd64_gcc10_CMSSW_12_4_8_tarball.tar.xz,/cvmfs/cms.cern.ch/phys_generator/gridpacks/RunIII/13p6TeV/slc7_amd64_gcc10/MadGraph5_aMCatNLO/SUSY_SMS/SMS-GlGl/SMS-GlGl_mGl-1050_slc7_amd64_gcc10_CMSSW_12_4_8_tarball.tar.xz,,,
SMS-T1ttbb_Par-mGluino-1100_TuneCP5_13p6TeV_madgraphMLM-pythia8,https://github.com/Kim-JiHeon-HEP/Run3_NPS_Stop_SMS_requests/blob/main/fragments/gluino/SMS-T1ttbb_mGluino-1100_fragment.py,1600000,madgraph,/cvmfs/cms.cern.ch/phys_generator/gridpacks/RunIII/13p6TeV/slc7_amd64_gcc10/MadGraph5_aMCatNLO/SUSY_SMS/SMS-GlGl/SMS-GlGl_mGl-1100_slc7_amd64_gcc10_CMSSW_12_4_8_tarball.tar.xz,/cvmfs/cms.cern.ch/phys_generator/gridpacks/RunIII/13p6TeV/slc7_amd64_gcc10/MadGraph5_aMCatNLO/SUSY_SMS/SMS-GlGl/SMS-GlGl_mGl-1100_slc7_amd64_gcc10_CMSSW_12_4_8_tarball.tar.xz,,,
SMS-T1ttbb_Par-mGluino-1150_TuneCP5_13p6TeV_madgraphMLM-pythia8,https://github.com/Kim-JiHeon-HEP/Run3_NPS_Stop_SMS_requests/blob/main/fragments/gluino/SMS-T1ttbb_mGluino-1150_fragment.py,1400000,madgraph,/cvmfs/cms.cern.ch/phys_generator/gridpacks/RunIII/13p6TeV/slc7_amd64_gcc10/MadGraph5_aMCatNLO/SUSY_SMS/SMS-GlGl/SMS-GlGl_mGl-1150_slc7_amd64_gcc10_CMSSW_12_4_8_tarball.tar.xz,/cvmfs/cms.cern.ch/phys_generator/gridpacks/RunIII/13p6TeV/slc7_amd64_gcc10/MadGraph5_aMCatNLO/SUSY_SMS/SMS-GlGl/SMS-GlGl_mGl-1150_slc7_amd64_gcc10_CMSSW_12_4_8_tarball.tar.xz,,,
SMS-T1ttbb_Par-mGluino-1200_TuneCP5_13p6TeV_madgraphMLM-pythia8,https://github.com/Kim-JiHeon-HEP/Run3_NPS_Stop_SMS_requests/blob/main/fragments/gluino/SMS-T1ttbb_mGluino-1200_fragment.py,1800000,madgraph,/cvmfs/cms.cern.ch/phys_generator/gridpacks/RunIII/13p6TeV/slc7_amd64_gcc10/MadGraph5_aMCatNLO/SUSY_SMS/SMS-GlGl/SMS-GlGl_mGl-1200_slc7_amd64_gcc10_CMSSW_12_4_8_tarball.tar.xz,/cvmfs/cms.cern.ch/phys_generator/gridpacks/RunIII/13p6TeV/slc7_amd64_gcc10/MadGraph5_aMCatNLO/SUSY_SMS/SMS-GlGl/SMS-GlGl_mGl-1200_slc7_amd64_gcc10_CMSSW_12_4_8_tarball.tar.xz,,,
SMS-T1ttbb_Par-mGluino-1250_TuneCP5_13p6TeV_madgraphMLM-pythia8,https://github.com/Kim-JiHeon-HEP/Run3_NPS_Stop_SMS_requests/blob/main/fragments/gluino/SMS-T1ttbb_mGluino-1250_fragment.py,1900000,madgraph,/cvmfs/cms.cern.ch/phys_generator/gridpacks/RunIII/13p6TeV/slc7_amd64_gcc10/MadGraph5_aMCatNLO/SUSY_SMS/SMS-GlGl/SMS-GlGl_mGl-1250_slc7_amd64_gcc10_CMSSW_12_4_8_tarball.tar.xz,/cvmfs/cms.cern.ch/phys_generator/gridpacks/RunIII/13p6TeV/slc7_amd64_gcc10/MadGraph5_aMCatNLO/SUSY_SMS/SMS-GlGl/SMS-GlGl_mGl-1250_slc7_amd64_gcc10_CMSSW_12_4_8_tarball.tar.xz,,,
SMS-T1ttbb_Par-mGluino-1300_TuneCP5_13p6TeV_madgraphMLM-pythia8,https://github.com/Kim-JiHeon-HEP/Run3_NPS_Stop_SMS_requests/blob/main/fragments/gluino/SMS-T1ttbb_mGluino-1300_fragment.py,2000000,madgraph,/cvmfs/cms.cern.ch/phys_generator/gridpacks/RunIII/13p6TeV/slc7_amd64_gcc10/MadGraph5_aMCatNLO/SUSY_SMS/SMS-GlGl/SMS-GlGl_mGl-1300_slc7_amd64_gcc10_CMSSW_12_4_8_tarball.tar.xz,/cvmfs/cms.cern.ch/phys_generator/gridpacks/RunIII/13p6TeV/slc7_amd64_gcc10/MadGraph5_aMCatNLO/SUSY_SMS/SMS-GlGl/SMS-GlGl_mGl-1300_slc7_amd64_gcc10_CMSSW_12_4_8_tarball.tar.xz,,,
SMS-T1ttbb_Par-mGluino-1350_TuneCP5_13p6TeV_madgraphMLM-pythia8,https://github.com/Kim-JiHeon-HEP/Run3_NPS_Stop_SMS_requests/blob/main/fragments/gluino/SMS-T1ttbb_mGluino-1350_fragment.py,2100000,madgraph,/cvmfs/cms.cern.ch/phys_generator/gridpacks/RunIII/13p6TeV/slc7_amd64_gcc10/MadGraph5_aMCatNLO/SUSY_SMS/SMS-GlGl/SMS-GlGl_mGl-1350_slc7_amd64_gcc10_CMSSW_12_4_8_tarball.tar.xz,/cvmfs/cms.cern.ch/phys_generator/gridpacks/RunIII/13p6TeV/slc7_amd64_gcc10/MadGraph5_aMCatNLO/SUSY_SMS/SMS-GlGl/SMS-GlGl_mGl-1350_slc7_amd64_gcc10_CMSSW_12_4_8_tarball.tar.xz,,,
SMS-T1ttbb_Par-mGluino-1400_TuneCP5_13p6TeV_madgraphMLM-pythia8,https://github.com/Kim-JiHeon-HEP/Run3_NPS_Stop_SMS_requests/blob/main/fragments/gluino/SMS-T1ttbb_mGluino-1400_fragment.py,2100000,madgraph,/cvmfs/cms.cern.ch/phys_generator/gridpacks/RunIII/13p6TeV/slc7_amd64_gcc10/MadGraph5_aMCatNLO/SUSY_SMS/SMS-GlGl/SMS-GlGl_mGl-1400_slc7_amd64_gcc10_CMSSW_12_4_8_tarball.tar.xz,/cvmfs/cms.cern.ch/phys_generator/gridpacks/RunIII/13p6TeV/slc7_amd64_gcc10/MadGraph5_aMCatNLO/SUSY_SMS/SMS-GlGl/SMS-GlGl_mGl-1400_slc7_amd64_gcc10_CMSSW_12_4_8_tarball.tar.xz,,,
SMS-T1ttbb_Par-mGluino-1450_TuneCP5_13p6TeV_madgraphMLM-pythia8,https://github.com/Kim-JiHeon-HEP/Run3_NPS_Stop_SMS_requests/blob/main/fragments/gluino/SMS-T1ttbb_mGluino-1450_fragment.py,2200000,madgraph,/cvmfs/cms.cern.ch/phys_generator/gridpacks/RunIII/13p6TeV/slc7_amd64_gcc10/MadGraph5_aMCatNLO/SUSY_SMS/SMS-GlGl/SMS-GlGl_mGl-1450_slc7_amd64_gcc10_CMSSW_12_4_8_tarball.tar.xz,/cvmfs/cms.cern.ch/phys_generator/gridpacks/RunIII/13p6TeV/slc7_amd64_gcc10/MadGraph5_aMCatNLO/SUSY_SMS/SMS-GlGl/SMS-GlGl_mGl-1450_slc7_amd64_gcc10_CMSSW_12_4_8_tarball.tar.xz,,,
SMS-T1ttbb_Par-mGluino-1500_TuneCP5_13p6TeV_madgraphMLM-pythia8,https://github.com/Kim-JiHeon-HEP/Run3_NPS_Stop_SMS_requests/blob/main/fragments/gluino/SMS-T1ttbb_mGluino-1500_fragment.py,2200000,madgraph,/cvmfs/cms.cern.ch/phys_generator/gridpacks/RunIII/13p6TeV/slc7_amd64_gcc10/MadGraph5_aMCatNLO/SUSY_SMS/SMS-GlGl/SMS-GlGl_mGl-1500_slc7_amd64_gcc10_CMSSW_12_4_8_tarball.tar.xz,/cvmfs/cms.cern.ch/phys_generator/gridpacks/RunIII/13p6TeV/slc7_amd64_gcc10/MadGraph5_aMCatNLO/SUSY_SMS/SMS-GlGl/SMS-GlGl_mGl-1500_slc7_amd64_gcc10_CMSSW_12_4_8_tarball.tar.xz,,,
SMS-T1ttbb_Par-mGluino-1550_TuneCP5_13p6TeV_madgraphMLM-pythia8,https://github.com/Kim-JiHeon-HEP/Run3_NPS_Stop_SMS_requests/blob/main/fragments/gluino/SMS-T1ttbb_mGluino-1550_fragment.py,2300000,madgraph,/cvmfs/cms.cern.ch/phys_generator/gridpacks/RunIII/13p6TeV/slc7_amd64_gcc10/MadGraph5_aMCatNLO/SUSY_SMS/SMS-GlGl/SMS-GlGl_mGl-1550_slc7_amd64_gcc10_CMSSW_12_4_8_tarball.tar.xz,/cvmfs/cms.cern.ch/phys_generator/gridpacks/RunIII/13p6TeV/slc7_amd64_gcc10/MadGraph5_aMCatNLO/SUSY_SMS/SMS-GlGl/SMS-GlGl_mGl-1550_slc7_amd64_gcc10_CMSSW_12_4_8_tarball.tar.xz,,,
SMS-T1ttbb_Par-mGluino-1600_TuneCP5_13p6TeV_madgraphMLM-pythia8,https://github.com/Kim-JiHeon-HEP/Run3_NPS_Stop_SMS_requests/blob/main/fragments/gluino/SMS-T1ttbb_mGluino-1600_fragment.py,2300000,madgraph,/cvmfs/cms.cern.ch/phys_generator/gridpacks/RunIII/13p6TeV/slc7_amd64_gcc10/MadGraph5_aMCatNLO/SUSY_SMS/SMS-GlGl/SMS-GlGl_mGl-1600_slc7_amd64_gcc10_CMSSW_12_4_8_tarball.tar.xz,/cvmfs/cms.cern.ch/phys_generator/gridpacks/RunIII/13p6TeV/slc7_amd64_gcc10/MadGraph5_aMCatNLO/SUSY_SMS/SMS-GlGl/SMS-GlGl_mGl-1600_slc7_amd64_gcc10_CMSSW_12_4_8_tarball.tar.xz,,,
SMS-T1ttbb_Par-mGluino-1650_TuneCP5_13p6TeV_madgraphMLM-pythia8,https://github.com/Kim-JiHeon-HEP/Run3_NPS_Stop_SMS_requests/blob/main/fragments/gluino/SMS-T1ttbb_mGluino-1650_fragment.py,2400000,madgraph,/cvmfs/cms.cern.ch/phys_generator/gridpacks/RunIII/13p6TeV/slc7_amd64_gcc10/MadGraph5_aMCatNLO/SUSY_SMS/SMS-GlGl/SMS-GlGl_mGl-1650_slc7_amd64_gcc10_CMSSW_12_4_8_tarball.tar.xz,/cvmfs/cms.cern.ch/phys_generator/gridpacks/RunIII/13p6TeV/slc7_amd64_gcc10/MadGraph5_aMCatNLO/SUSY_SMS/SMS-GlGl/SMS-GlGl_mGl-1650_slc7_amd64_gcc10_CMSSW_12_4_8_tarball.tar.xz,,,
SMS-T1ttbb_Par-mGluino-1700_TuneCP5_13p6TeV_madgraphMLM-pythia8,https://github.com/Kim-JiHeon-HEP/Run3_NPS_Stop_SMS_requests/blob/main/fragments/gluino/SMS-T1ttbb_mGluino-1700_fragment.py,2400000,madgraph,/cvmfs/cms.cern.ch/phys_generator/gridpacks/RunIII/13p6TeV/slc7_amd64_gcc10/MadGraph5_aMCatNLO/SUSY_SMS/SMS-GlGl/SMS-GlGl_mGl-1700_slc7_amd64_gcc10_CMSSW_12_4_8_tarball.tar.xz,/cvmfs/cms.cern.ch/phys_generator/gridpacks/RunIII/13p6TeV/slc7_amd64_gcc10/MadGraph5_aMCatNLO/SUSY_SMS/SMS-GlGl/SMS-GlGl_mGl-1700_slc7_amd64_gcc10_CMSSW_12_4_8_tarball.tar.xz,,,
SMS-T1ttbb_Par-mGluino-1750_TuneCP5_13p6TeV_madgraphMLM-pythia8,https://github.com/Kim-JiHeon-HEP/Run3_NPS_Stop_SMS_requests/blob/main/fragments/gluino/SMS-T1ttbb_mGluino-1750_fragment.py,2500000,madgraph,/cvmfs/cms.cern.ch/phys_generator/gridpacks/RunIII/13p6TeV/slc7_amd64_gcc10/MadGraph5_aMCatNLO/SUSY_SMS/SMS-GlGl/SMS-GlGl_mGl-1750_slc7_amd64_gcc10_CMSSW_12_4_8_tarball.tar.xz,/cvmfs/cms.cern.ch/phys_generator/gridpacks/RunIII/13p6TeV/slc7_amd64_gcc10/MadGraph5_aMCatNLO/SUSY_SMS/SMS-GlGl/SMS-GlGl_mGl-1750_slc7_amd64_gcc10_CMSSW_12_4_8_tarball.tar.xz,,,
SMS-T1ttbb_Par-mGluino-1800_TuneCP5_13p6TeV_madgraphMLM-pythia8,https://github.com/Kim-JiHeon-HEP/Run3_NPS_Stop_SMS_requests/blob/main/fragments/gluino/SMS-T1ttbb_mGluino-1800_fragment.py,2500000,madgraph,/cvmfs/cms.cern.ch/phys_generator/gridpacks/RunIII/13p6TeV/slc7_amd64_gcc10/MadGraph5_aMCatNLO/SUSY_SMS/SMS-GlGl/SMS-GlGl_mGl-1800_slc7_amd64_gcc10_CMSSW_12_4_8_tarball.tar.xz,/cvmfs/cms.cern.ch/phys_generator/gridpacks/RunIII/13p6TeV/slc7_amd64_gcc10/MadGraph5_aMCatNLO/SUSY_SMS/SMS-GlGl/SMS-GlGl_mGl-1800_slc7_amd64_gcc10_CMSSW_12_4_8_tarball.tar.xz,,,
SMS-T1ttbb_Par-mGluino-1850_TuneCP5_13p6TeV_madgraphMLM-pythia8,https://github.com/Kim-JiHeon-HEP/Run3_NPS_Stop_SMS_requests/blob/main/fragments/gluino/SMS-T1ttbb_mGluino-1850_fragment.py,2500000,madgraph,/cvmfs/cms.cern.ch/phys_generator/gridpacks/RunIII/13p6TeV/slc7_amd64_gcc10/MadGraph5_aMCatNLO/SUSY_SMS/SMS-GlGl/SMS-GlGl_mGl-1850_slc7_amd64_gcc10_CMSSW_12_4_8_tarball.tar.xz,/cvmfs/cms.cern.ch/phys_generator/gridpacks/RunIII/13p6TeV/slc7_amd64_gcc10/MadGraph5_aMCatNLO/SUSY_SMS/SMS-GlGl/SMS-GlGl_mGl-1850_slc7_amd64_gcc10_CMSSW_12_4_8_tarball.tar.xz,,,
SMS-T1ttbb_Par-mGluino-1900_TuneCP5_13p6TeV_madgraphMLM-pythia8,https://github.com/Kim-JiHeon-HEP/Run3_NPS_Stop_SMS_requests/blob/main/fragments/gluino/SMS-T1ttbb_mGluino-1900_fragment.py,2400000,madgraph,/cvmfs/cms.cern.ch/phys_generator/gridpacks/RunIII/13p6TeV/slc7_amd64_gcc10/MadGraph5_aMCatNLO/SUSY_SMS/SMS-GlGl/SMS-GlGl_mGl-1900_slc7_amd64_gcc10_CMSSW_12_4_8_tarball.tar.xz,/cvmfs/cms.cern.ch/phys_generator/gridpacks/RunIII/13p6TeV/slc7_amd64_gcc10/MadGraph5_aMCatNLO/SUSY_SMS/SMS-GlGl/SMS-GlGl_mGl-1900_slc7_amd64_gcc10_CMSSW_12_4_8_tarball.tar.xz,,,
SMS-T1ttbb_Par-mGluino-1950_TuneCP5_13p6TeV_madgraphMLM-pythia8,https://github.com/Kim-JiHeon-HEP/Run3_NPS_Stop_SMS_requests/blob/main/fragments/gluino/SMS-T1ttbb_mGluino-1950_fragment.py,2400000,madgraph,/cvmfs/cms.cern.ch/phys_generator/gridpacks/RunIII/13p6TeV/slc7_amd64_gcc10/MadGraph5_aMCatNLO/SUSY_SMS/SMS-GlGl/SMS-GlGl_mGl-1950_slc7_amd64_gcc10_CMSSW_12_4_8_tarball.tar.xz,/cvmfs/cms.cern.ch/phys_generator/gridpacks/RunIII/13p6TeV/slc7_amd64_gcc10/MadGraph5_aMCatNLO/SUSY_SMS/SMS-GlGl/SMS-GlGl_mGl-1950_slc7_amd64_gcc10_CMSSW_12_4_8_tarball.tar.xz,,,
SMS-T1ttbb_Par-mGluino-2000_TuneCP5_13p6TeV_madgraphMLM-pythia8,https://github.com/Kim-JiHeon-HEP/Run3_NPS_Stop_SMS_requests/blob/main/fragments/gluino/SMS-T1ttbb_mGluino-2000_fragment.py,2300000,madgraph,/cvmfs/cms.cern.ch/phys_generator/gridpacks/RunIII/13p6TeV/slc7_amd64_gcc10/MadGraph5_aMCatNLO/SUSY_SMS/SMS-GlGl/SMS-GlGl_mGl-2000_slc7_amd64_gcc10_CMSSW_12_4_8_tarball.tar.xz,/cvmfs/cms.cern.ch/phys_generator/gridpacks/RunIII/13p6TeV/slc7_amd64_gcc10/MadGraph5_aMCatNLO/SUSY_SMS/SMS-GlGl/SMS-GlGl_mGl-2000_slc7_amd64_gcc10_CMSSW_12_4_8_tarball.tar.xz,,,
SMS-T1ttbb_Par-mGluino-2050_TuneCP5_13p6TeV_madgraphMLM-pythia8,https://github.com/Kim-JiHeon-HEP/Run3_NPS_Stop_SMS_requests/blob/main/fragments/gluino/SMS-T1ttbb_mGluino-2050_fragment.py,2300000,madgraph,/cvmfs/cms.cern.ch/phys_generator/gridpacks/RunIII/13p6TeV/slc7_amd64_gcc10/MadGraph5_aMCatNLO/SUSY_SMS/SMS-GlGl/SMS-GlGl_mGl-2050_slc7_amd64_gcc10_CMSSW_12_4_8_tarball.tar.xz,/cvmfs/cms.cern.ch/phys_generator/gridpacks/RunIII/13p6TeV/slc7_amd64_gcc10/MadGraph5_aMCatNLO/SUSY_SMS/SMS-GlGl/SMS-GlGl_mGl-2050_slc7_amd64_gcc10_CMSSW_12_4_8_tarball.tar.xz,,,
SMS-T1ttbb_Par-mGluino-2100_TuneCP5_13p6TeV_madgraphMLM-pythia8,https://github.com/Kim-JiHeon-HEP/Run3_NPS_Stop_SMS_requests/blob/main/fragments/gluino/SMS-T1ttbb_mGluino-2100_fragment.py,2200000,madgraph,/cvmfs/cms.cern.ch/phys_generator/gridpacks/RunIII/13p6TeV/slc7_amd64_gcc10/MadGraph5_aMCatNLO/SUSY_SMS/SMS-GlGl/SMS-GlGl_mGl-2100_slc7_amd64_gcc10_CMSSW_12_4_8_tarball.tar.xz,/cvmfs/cms.cern.ch/phys_generator/gridpacks/RunIII/13p6TeV/slc7_amd64_gcc10/MadGraph5_aMCatNLO/SUSY_SMS/SMS-GlGl/SMS-GlGl_mGl-2100_slc7_amd64_gcc10_CMSSW_12_4_8_tarball.tar.xz,,,
SMS-T1ttbb_Par-mGluino-2150_TuneCP5_13p6TeV_madgraphMLM-pythia8,https://github.com/Kim-JiHeon-HEP/Run3_NPS_Stop_SMS_requests/blob/main/fragments/gluino/SMS-T1ttbb_mGluino-2150_fragment.py,2200000,madgraph,/cvmfs/cms.cern.ch/phys_generator/gridpacks/RunIII/13p6TeV/slc7_amd64_gcc10/MadGraph5_aMCatNLO/SUSY_SMS/SMS-GlGl/SMS-GlGl_mGl-2150_slc7_amd64_gcc10_CMSSW_12_4_8_tarball.tar.xz,/cvmfs/cms.cern.ch/phys_generator/gridpacks/RunIII/13p6TeV/slc7_amd64_gcc10/MadGraph5_aMCatNLO/SUSY_SMS/SMS-GlGl/SMS-GlGl_mGl-2150_slc7_amd64_gcc10_CMSSW_12_4_8_tarball.tar.xz,,,
SMS-T1ttbb_Par-mGluino-2200_TuneCP5_13p6TeV_madgraphMLM-pythia8,https://github.com/Kim-JiHeon-HEP/Run3_NPS_Stop_SMS_requests/blob/main/fragments/gluino/SMS-T1ttbb_mGluino-2200_fragment.py,2100000,madgraph,/cvmfs/cms.cern.ch/phys_generator/gridpacks/RunIII/13p6TeV/slc7_amd64_gcc10/MadGraph5_aMCatNLO/SUSY_SMS/SMS-GlGl/SMS-GlGl_mGl-2200_slc7_amd64_gcc10_CMSSW_12_4_8_tarball.tar.xz,/cvmfs/cms.cern.ch/phys_generator/gridpacks/RunIII/13p6TeV/slc7_amd64_gcc10/MadGraph5_aMCatNLO/SUSY_SMS/SMS-GlGl/SMS-GlGl_mGl-2200_slc7_amd64_gcc10_CMSSW_12_4_8_tarball.tar.xz,,,
SMS-T1ttbb_Par-mGluino-2250_TuneCP5_13p6TeV_madgraphMLM-pythia8,https://github.com/Kim-JiHeon-HEP/Run3_NPS_Stop_SMS_requests/blob/main/fragments/gluino/SMS-T1ttbb_mGluino-2250_fragment.py,2100000,madgraph,/cvmfs/cms.cern.ch/phys_generator/gridpacks/RunIII/13p6TeV/slc7_amd64_gcc10/MadGraph5_aMCatNLO/SUSY_SMS/SMS-GlGl/SMS-GlGl_mGl-2250_slc7_amd64_gcc10_CMSSW_12_4_8_tarball.tar.xz,/cvmfs/cms.cern.ch/phys_generator/gridpacks/RunIII/13p6TeV/slc7_amd64_gcc10/MadGraph5_aMCatNLO/SUSY_SMS/SMS-GlGl/SMS-GlGl_mGl-2250_slc7_amd64_gcc10_CMSSW_12_4_8_tarball.tar.xz,,,
SMS-T1ttbb_Par-mGluino-2300_TuneCP5_13p6TeV_madgraphMLM-pythia8,https://github.com/Kim-JiHeon-HEP/Run3_NPS_Stop_SMS_requests/blob/main/fragments/gluino/SMS-T1ttbb_mGluino-2300_fragment.py,2000000,madgraph,/cvmfs/cms.cern.ch/phys_generator/gridpacks/RunIII/13p6TeV/slc7_amd64_gcc10/MadGraph5_aMCatNLO/SUSY_SMS/SMS-GlGl/SMS-GlGl_mGl-2300_slc7_amd64_gcc10_CMSSW_12_4_8_tarball.tar.xz,/cvmfs/cms.cern.ch/phys_generator/gridpacks/RunIII/13p6TeV/slc7_amd64_gcc10/MadGraph5_aMCatNLO/SUSY_SMS/SMS-GlGl/SMS-GlGl_mGl-2300_slc7_amd64_gcc10_CMSSW_12_4_8_tarball.tar.xz,,,
SMS-T1ttbb_Par-mGluino-2350_TuneCP5_13p6TeV_madgraphMLM-pythia8,https://github.com/Kim-JiHeon-HEP/Run3_NPS_Stop_SMS_requests/blob/main/fragments/gluino/SMS-T1ttbb_mGluino-2350_fragment.py,2000000,madgraph,/cvmfs/cms.cern.ch/phys_generator/gridpacks/RunIII/13p6TeV/slc7_amd64_gcc10/MadGraph5_aMCatNLO/SUSY_SMS/SMS-GlGl/SMS-GlGl_mGl-2350_slc7_amd64_gcc10_CMSSW_12_4_8_tarball.tar.xz,/cvmfs/cms.cern.ch/phys_generator/gridpacks/RunIII/13p6TeV/slc7_amd64_gcc10/MadGraph5_aMCatNLO/SUSY_SMS/SMS-GlGl/SMS-GlGl_mGl-2350_slc7_amd64_gcc10_CMSSW_12_4_8_tarball.tar.xz,,,
SMS-T1ttbb_Par-mGluino-2400_TuneCP5_13p6TeV_madgraphMLM-pythia8,https://github.com/Kim-JiHeon-HEP/Run3_NPS_Stop_SMS_requests/blob/main/fragments/gluino/SMS-T1ttbb_mGluino-2400_fragment.py,1900000,madgraph,/cvmfs/cms.cern.ch/phys_generator/gridpacks/RunIII/13p6TeV/slc7_amd64_gcc10/MadGraph5_aMCatNLO/SUSY_SMS/SMS-GlGl/SMS-GlGl_mGl-2400_slc7_amd64_gcc10_CMSSW_12_4_8_tarball.tar.xz,/cvmfs/cms.cern.ch/phys_generator/gridpacks/RunIII/13p6TeV/slc7_amd64_gcc10/MadGraph5_aMCatNLO/SUSY_SMS/SMS-GlGl/SMS-GlGl_mGl-2400_slc7_amd64_gcc10_CMSSW_12_4_8_tarball.tar.xz,,,
SMS-T1ttbb_Par-mGluino-2450_TuneCP5_13p6TeV_madgraphMLM-pythia8,https://github.com/Kim-JiHeon-HEP/Run3_NPS_Stop_SMS_requests/blob/main/fragments/gluino/SMS-T1ttbb_mGluino-2450_fragment.py,1900000,madgraph,/cvmfs/cms.cern.ch/phys_generator/gridpacks/RunIII/13p6TeV/slc7_amd64_gcc10/MadGraph5_aMCatNLO/SUSY_SMS/SMS-GlGl/SMS-GlGl_mGl-2450_slc7_amd64_gcc10_CMSSW_12_4_8_tarball.tar.xz,/cvmfs/cms.cern.ch/phys_generator/gridpacks/RunIII/13p6TeV/slc7_amd64_gcc10/MadGraph5_aMCatNLO/SUSY_SMS/SMS-GlGl/SMS-GlGl_mGl-2450_slc7_amd64_gcc10_CMSSW_12_4_8_tarball.tar.xz,,,
SMS-T1ttbb_Par-mGluino-2500_TuneCP5_13p6TeV_madgraphMLM-pythia8,https://github.com/Kim-JiHeon-HEP/Run3_NPS_Stop_SMS_requests/blob/main/fragments/gluino/SMS-T1ttbb_mGluino-2500_fragment.py,1800000,madgraph,/cvmfs/cms.cern.ch/phys_generator/gridpacks/RunIII/13p6TeV/slc7_amd64_gcc10/MadGraph5_aMCatNLO/SUSY_SMS/SMS-GlGl/SMS-GlGl_mGl-2500_slc7_amd64_gcc10_CMSSW_12_4_8_tarball.tar.xz,/cvmfs/cms.cern.ch/phys_generator/gridpacks/RunIII/13p6TeV/slc7_amd64_gcc10/MadGraph5_aMCatNLO/SUSY_SMS/SMS-GlGl/SMS-GlGl_mGl-2500_slc7_amd64_gcc10_CMSSW_12_4_8_tarball.tar.xz,,,
SMS-T1ttbb_Par-mGluino-2550_TuneCP5_13p6TeV_madgraphMLM-pythia8,https://github.com/Kim-JiHeon-HEP/Run3_NPS_Stop_SMS_requests/blob/main/fragments/gluino/SMS-T1ttbb_mGluino-2550_fragment.py,1800000,madgraph,/cvmfs/cms.cern.ch/phys_generator/gridpacks/RunIII/13p6TeV/slc7_amd64_gcc10/MadGraph5_aMCatNLO/SUSY_SMS/SMS-GlGl/SMS-GlGl_mGl-2550_slc7_amd64_gcc10_CMSSW_12_4_8_tarball.tar.xz,/cvmfs/cms.cern.ch/phys_generator/gridpacks/RunIII/13p6TeV/slc7_amd64_gcc10/MadGraph5_aMCatNLO/SUSY_SMS/SMS-GlGl/SMS-GlGl_mGl-2550_slc7_amd64_gcc10_CMSSW_12_4_8_tarball.tar.xz,,,
SMS-T1ttbb_Par-mGluino-2600_TuneCP5_13p6TeV_madgraphMLM-pythia8,https://github.com/Kim-JiHeon-HEP/Run3_NPS_Stop_SMS_requests/blob/main/fragments/gluino/SMS-T1ttbb_mGluino-2600_fragment.py,1700000,madgraph,/cvmfs/cms.cern.ch/phys_generator/gridpacks/RunIII/13p6TeV/slc7_amd64_gcc10/MadGraph5_aMCatNLO/SUSY_SMS/SMS-GlGl/SMS-GlGl_mGl-2600_slc7_amd64_gcc10_CMSSW_12_4_8_tarball.tar.xz,/cvmfs/cms.cern.ch/phys_generator/gridpacks/RunIII/13p6TeV/slc7_amd64_gcc10/MadGraph5_aMCatNLO/SUSY_SMS/SMS-GlGl/SMS-GlGl_mGl-2600_slc7_amd64_gcc10_CMSSW_12_4_8_tarball.tar.xz,,,
SMS-T1ttbb_Par-mGluino-2650_TuneCP5_13p6TeV_madgraphMLM-pythia8,https://github.com/Kim-JiHeon-HEP/Run3_NPS_Stop_SMS_requests/blob/main/fragments/gluino/SMS-T1ttbb_mGluino-2650_fragment.py,1700000,madgraph,/cvmfs/cms.cern.ch/phys_generator/gridpacks/RunIII/13p6TeV/slc7_amd64_gcc10/MadGraph5_aMCatNLO/SUSY_SMS/SMS-GlGl/SMS-GlGl_mGl-2650_slc7_amd64_gcc10_CMSSW_12_4_8_tarball.tar.xz,/cvmfs/cms.cern.ch/phys_generator/gridpacks/RunIII/13p6TeV/slc7_amd64_gcc10/MadGraph5_aMCatNLO/SUSY_SMS/SMS-GlGl/SMS-GlGl_mGl-2650_slc7_amd64_gcc10_CMSSW_12_4_8_tarball.tar.xz,,,
SMS-T1ttbb_Par-mGluino-2700_TuneCP5_13p6TeV_madgraphMLM-pythia8,https://github.com/Kim-JiHeon-HEP/Run3_NPS_Stop_SMS_requests/blob/main/fragments/gluino/SMS-T1ttbb_mGluino-2700_fragment.py,1700000,madgraph,/cvmfs/cms.cern.ch/phys_generator/gridpacks/RunIII/13p6TeV/slc7_amd64_gcc10/MadGraph5_aMCatNLO/SUSY_SMS/SMS-GlGl/SMS-GlGl_mGl-2700_slc7_amd64_gcc10_CMSSW_12_4_8_tarball.tar.xz,/cvmfs/cms.cern.ch/phys_generator/gridpacks/RunIII/13p6TeV/slc7_amd64_gcc10/MadGraph5_aMCatNLO/SUSY_SMS/SMS-GlGl/SMS-GlGl_mGl-2700_slc7_amd64_gcc10_CMSSW_12_4_8_tarball.tar.xz,,,
SMS-T1ttbb_Par-mGluino-2750_TuneCP5_13p6TeV_madgraphMLM-pythia8,https://github.com/Kim-JiHeon-HEP/Run3_NPS_Stop_SMS_requests/blob/main/fragments/gluino/SMS-T1ttbb_mGluino-2750_fragment.py,1700000,madgraph,/cvmfs/cms.cern.ch/phys_generator/gridpacks/RunIII/13p6TeV/slc7_amd64_gcc10/MadGraph5_aMCatNLO/SUSY_SMS/SMS-GlGl/SMS-GlGl_mGl-2750_slc7_amd64_gcc10_CMSSW_12_4_8_tarball.tar.xz,/cvmfs/cms.cern.ch/phys_generator/gridpacks/RunIII/13p6TeV/slc7_amd64_gcc10/MadGraph5_aMCatNLO/SUSY_SMS/SMS-GlGl/SMS-GlGl_mGl-2750_slc7_amd64_gcc10_CMSSW_12_4_8_tarball.tar.xz,,,
SMS-T1ttbb_Par-mGluino-2800_TuneCP5_13p6TeV_madgraphMLM-pythia8,https://github.com/Kim-JiHeon-HEP/Run3_NPS_Stop_SMS_requests/blob/main/fragments/gluino/SMS-T1ttbb_mGluino-2800_fragment.py,1700000,madgraph,/cvmfs/cms.cern.ch/phys_generator/gridpacks/RunIII/13p6TeV/slc7_amd64_gcc10/MadGraph5_aMCatNLO/SUSY_SMS/SMS-GlGl/SMS-GlGl_mGl-2800_slc7_amd64_gcc10_CMSSW_12_4_8_tarball.tar.xz,/cvmfs/cms.cern.ch/phys_generator/gridpacks/RunIII/13p6TeV/slc7_amd64_gcc10/MadGraph5_aMCatNLO/SUSY_SMS/SMS-GlGl/SMS-GlGl_mGl-2800_slc7_amd64_gcc10_CMSSW_12_4_8_tarball.tar.xz,,,
SMS-T1ttbb_Par-mGluino-2850_TuneCP5_13p6TeV_madgraphMLM-pythia8,https://github.com/Kim-JiHeon-HEP/Run3_NPS_Stop_SMS_requests/blob/main/fragments/gluino/SMS-T1ttbb_mGluino-2850_fragment.py,1700000,madgraph,/cvmfs/cms.cern.ch/phys_generator/gridpacks/RunIII/13p6TeV/slc7_amd64_gcc10/MadGraph5_aMCatNLO/SUSY_SMS/SMS-GlGl/SMS-GlGl_mGl-2850_slc7_amd64_gcc10_CMSSW_12_4_8_tarball.tar.xz,/cvmfs/cms.cern.ch/phys_generator/gridpacks/RunIII/13p6TeV/slc7_amd64_gcc10/MadGraph5_aMCatNLO/SUSY_SMS/SMS-GlGl/SMS-GlGl_mGl-2850_slc7_amd64_gcc10_CMSSW_12_4_8_tarball.tar.xz,,,
SMS-T1ttbb_Par-mGluino-800_TuneCP5_13p6TeV_madgraphMLM-pythia8,https://github.com/Kim-JiHeon-HEP/Run3_NPS_Stop_SMS_requests/blob/main/fragments/gluino/SMS-T1ttbb_mGluino-800_fragment.py,8780000,madgraph,/cvmfs/cms.cern.ch/phys_generator/gridpacks/RunIII/13p6TeV/slc7_amd64_gcc10/MadGraph5_aMCatNLO/SUSY_SMS/SMS-GlGl/SMS-GlGl_mGl-800_slc7_amd64_gcc10_CMSSW_12_4_8_tarball.tar.xz,/cvmfs/cms.cern.ch/phys_generator/gridpacks/RunIII/13p6TeV/slc7_amd64_gcc10/MadGraph5_aMCatNLO/SUSY_SMS/SMS-GlGl/SMS-GlGl_mGl-800_slc7_amd64_gcc10_CMSSW_12_4_8_tarball.tar.xz,,,
SMS-T1ttbb_Par-mGluino-850_TuneCP5_13p6TeV_madgraphMLM-pythia8,https://github.com/Kim-JiHeon-HEP/Run3_NPS_Stop_SMS_requests/blob/main/fragments/gluino/SMS-T1ttbb_mGluino-850_fragment.py,4712000,madgraph,/cvmfs/cms.cern.ch/phys_generator/gridpacks/RunIII/13p6TeV/slc7_amd64_gcc10/MadGraph5_aMCatNLO/SUSY_SMS/SMS-GlGl/SMS-GlGl_mGl-850_slc7_amd64_gcc10_CMSSW_12_4_8_tarball.tar.xz,/cvmfs/cms.cern.ch/phys_generator/gridpacks/RunIII/13p6TeV/slc7_amd64_gcc10/MadGraph5_aMCatNLO/SUSY_SMS/SMS-GlGl/SMS-GlGl_mGl-850_slc7_amd64_gcc10_CMSSW_12_4_8_tarball.tar.xz,,,
SMS-T1ttbb_Par-mGluino-900_TuneCP5_13p6TeV_madgraphMLM-pythia8,https://github.com/Kim-JiHeon-HEP/Run3_NPS_Stop_SMS_requests/blob/main/fragments/gluino/SMS-T1ttbb_mGluino-900_fragment.py,4812000,madgraph,/cvmfs/cms.cern.ch/phys_generator/gridpacks/RunIII/13p6TeV/slc7_amd64_gcc10/MadGraph5_aMCatNLO/SUSY_SMS/SMS-GlGl/SMS-GlGl_mGl-900_slc7_amd64_gcc10_CMSSW_12_4_8_tarball.tar.xz,/cvmfs/cms.cern.ch/phys_generator/gridpacks/RunIII/13p6TeV/slc7_amd64_gcc10/MadGraph5_aMCatNLO/SUSY_SMS/SMS-GlGl/SMS-GlGl_mGl-900_slc7_amd64_gcc10_CMSSW_12_4_8_tarball.tar.xz,,,
SMS-T1ttbb_Par-mGluino-950_TuneCP5_13p6TeV_madgraphMLM-pythia8,https://github.com/Kim-JiHeon-HEP/Run3_NPS_Stop_SMS_requests/blob/main/fragments/gluino/SMS-T1ttbb_mGluino-950_fragment.py,2770000,madgraph,/cvmfs/cms.cern.ch/phys_generator/gridpacks/RunIII/13p6TeV/slc7_amd64_gcc10/MadGraph5_aMCatNLO/SUSY_SMS/SMS-GlGl/SMS-GlGl_mGl-950_slc7_amd64_gcc10_CMSSW_12_4_8_tarball.tar.xz,/cvmfs/cms.cern.ch/phys_generator/gridpacks/RunIII/13p6TeV/slc7_amd64_gcc10/MadGraph5_aMCatNLO/SUSY_SMS/SMS-GlGl/SMS-GlGl_mGl-950_slc7_amd64_gcc10_CMSSW_12_4_8_tarball.tar.xz,,,
SMS-T1tttt_Par-mGluino-1000_TuneCP5_13p6TeV_madgraphMLM-pythia8,https://github.com/Kim-JiHeon-HEP/Run3_NPS_Stop_SMS_requests/blob/main/fragments/gluino/SMS-T1tttt_mGluino-1000_fragment.py,2716000,madgraph,/cvmfs/cms.cern.ch/phys_generator/gridpacks/RunIII/13p6TeV/slc7_amd64_gcc10/MadGraph5_aMCatNLO/SUSY_SMS/SMS-GlGl/SMS-GlGl_mGl-1000_slc7_amd64_gcc10_CMSSW_12_4_8_tarball.tar.xz,/cvmfs/cms.cern.ch/phys_generator/gridpacks/RunIII/13p6TeV/slc7_amd64_gcc10/MadGraph5_aMCatNLO/SUSY_SMS/SMS-GlGl/SMS-GlGl_mGl-1000_slc7_amd64_gcc10_CMSSW_12_4_8_tarball.tar.xz,,,
SMS-T1tttt_Par-mGluino-1050_TuneCP5_13p6TeV_madgraphMLM-pythia8,https://github.com/Kim-JiHeon-HEP/Run3_NPS_Stop_SMS_requests/blob/main/fragments/gluino/SMS-T1tttt_mGluino-1050_fragment.py,1656000,madgraph,/cvmfs/cms.cern.ch/phys_generator/gridpacks/RunIII/13p6TeV/slc7_amd64_gcc10/MadGraph5_aMCatNLO/SUSY_SMS/SMS-GlGl/SMS-GlGl_mGl-1050_slc7_amd64_gcc10_CMSSW_12_4_8_tarball.tar.xz,/cvmfs/cms.cern.ch/phys_generator/gridpacks/RunIII/13p6TeV/slc7_amd64_gcc10/MadGraph5_aMCatNLO/SUSY_SMS/SMS-GlGl/SMS-GlGl_mGl-1050_slc7_amd64_gcc10_CMSSW_12_4_8_tarball.tar.xz,,,
SMS-T1tttt_Par-mGluino-1100_TuneCP5_13p6TeV_madgraphMLM-pythia8,https://github.com/Kim-JiHeon-HEP/Run3_NPS_Stop_SMS_requests/blob/main/fragments/gluino/SMS-T1tttt_mGluino-1100_fragment.py,1600000,madgraph,/cvmfs/cms.cern.ch/phys_generator/gridpacks/RunIII/13p6TeV/slc7_amd64_gcc10/MadGraph5_aMCatNLO/SUSY_SMS/SMS-GlGl/SMS-GlGl_mGl-1100_slc7_amd64_gcc10_CMSSW_12_4_8_tarball.tar.xz,/cvmfs/cms.cern.ch/phys_generator/gridpacks/RunIII/13p6TeV/slc7_amd64_gcc10/MadGraph5_aMCatNLO/SUSY_SMS/SMS-GlGl/SMS-GlGl_mGl-1100_slc7_amd64_gcc10_CMSSW_12_4_8_tarball.tar.xz,,,
SMS-T1tttt_Par-mGluino-1150_TuneCP5_13p6TeV_madgraphMLM-pythia8,https://github.com/Kim-JiHeon-HEP/Run3_NPS_Stop_SMS_requests/blob/main/fragments/gluino/SMS-T1tttt_mGluino-1150_fragment.py,1400000,madgraph,/cvmfs/cms.cern.ch/phys_generator/gridpacks/RunIII/13p6TeV/slc7_amd64_gcc10/MadGraph5_aMCatNLO/SUSY_SMS/SMS-GlGl/SMS-GlGl_mGl-1150_slc7_amd64_gcc10_CMSSW_12_4_8_tarball.tar.xz,/cvmfs/cms.cern.ch/phys_generator/gridpacks/RunIII/13p6TeV/slc7_amd64_gcc10/MadGraph5_aMCatNLO/SUSY_SMS/SMS-GlGl/SMS-GlGl_mGl-1150_slc7_amd64_gcc10_CMSSW_12_4_8_tarball.tar.xz,,,
SMS-T1tttt_Par-mGluino-1200_TuneCP5_13p6TeV_madgraphMLM-pythia8,https://github.com/Kim-JiHeon-HEP/Run3_NPS_Stop_SMS_requests/blob/main/fragments/gluino/SMS-T1tttt_mGluino-1200_fragment.py,1800000,madgraph,/cvmfs/cms.cern.ch/phys_generator/gridpacks/RunIII/13p6TeV/slc7_amd64_gcc10/MadGraph5_aMCatNLO/SUSY_SMS/SMS-GlGl/SMS-GlGl_mGl-1200_slc7_amd64_gcc10_CMSSW_12_4_8_tarball.tar.xz,/cvmfs/cms.cern.ch/phys_generator/gridpacks/RunIII/13p6TeV/slc7_amd64_gcc10/MadGraph5_aMCatNLO/SUSY_SMS/SMS-GlGl/SMS-GlGl_mGl-1200_slc7_amd64_gcc10_CMSSW_12_4_8_tarball.tar.xz,,,
SMS-T1tttt_Par-mGluino-1250_TuneCP5_13p6TeV_madgraphMLM-pythia8,https://github.com/Kim-JiHeon-HEP/Run3_NPS_Stop_SMS_requests/blob/main/fragments/gluino/SMS-T1tttt_mGluino-1250_fragment.py,1900000,madgraph,/cvmfs/cms.cern.ch/phys_generator/gridpacks/RunIII/13p6TeV/slc7_amd64_gcc10/MadGraph5_aMCatNLO/SUSY_SMS/SMS-GlGl/SMS-GlGl_mGl-1250_slc7_amd64_gcc10_CMSSW_12_4_8_tarball.tar.xz,/cvmfs/cms.cern.ch/phys_generator/gridpacks/RunIII/13p6TeV/slc7_amd64_gcc10/MadGraph5_aMCatNLO/SUSY_SMS/SMS-GlGl/SMS-GlGl_mGl-1250_slc7_amd64_gcc10_CMSSW_12_4_8_tarball.tar.xz,,,
SMS-T1tttt_Par-mGluino-1300_TuneCP5_13p6TeV_madgraphMLM-pythia8,https://github.com/Kim-JiHeon-HEP/Run3_NPS_Stop_SMS_requests/blob/main/fragments/gluino/SMS-T1tttt_mGluino-1300_fragment.py,2000000,madgraph,/cvmfs/cms.cern.ch/phys_generator/gridpacks/RunIII/13p6TeV/slc7_amd64_gcc10/MadGraph5_aMCatNLO/SUSY_SMS/SMS-GlGl/SMS-GlGl_mGl-1300_slc7_amd64_gcc10_CMSSW_12_4_8_tarball.tar.xz,/cvmfs/cms.cern.ch/phys_generator/gridpacks/RunIII/13p6TeV/slc7_amd64_gcc10/MadGraph5_aMCatNLO/SUSY_SMS/SMS-GlGl/SMS-GlGl_mGl-1300_slc7_amd64_gcc10_CMSSW_12_4_8_tarball.tar.xz,,,
SMS-T1tttt_Par-mGluino-1350_TuneCP5_13p6TeV_madgraphMLM-pythia8,https://github.com/Kim-JiHeon-HEP/Run3_NPS_Stop_SMS_requests/blob/main/fragments/gluino/SMS-T1tttt_mGluino-1350_fragment.py,2100000,madgraph,/cvmfs/cms.cern.ch/phys_generator/gridpacks/RunIII/13p6TeV/slc7_amd64_gcc10/MadGraph5_aMCatNLO/SUSY_SMS/SMS-GlGl/SMS-GlGl_mGl-1350_slc7_amd64_gcc10_CMSSW_12_4_8_tarball.tar.xz,/cvmfs/cms.cern.ch/phys_generator/gridpacks/RunIII/13p6TeV/slc7_amd64_gcc10/MadGraph5_aMCatNLO/SUSY_SMS/SMS-GlGl/SMS-GlGl_mGl-1350_slc7_amd64_gcc10_CMSSW_12_4_8_tarball.tar.xz,,,
SMS-T1tttt_Par-mGluino-1400_TuneCP5_13p6TeV_madgraphMLM-pythia8,https://github.com/Kim-JiHeon-HEP/Run3_NPS_Stop_SMS_requests/blob/main/fragments/gluino/SMS-T1tttt_mGluino-1400_fragment.py,2100000,madgraph,/cvmfs/cms.cern.ch/phys_generator/gridpacks/RunIII/13p6TeV/slc7_amd64_gcc10/MadGraph5_aMCatNLO/SUSY_SMS/SMS-GlGl/SMS-GlGl_mGl-1400_slc7_amd64_gcc10_CMSSW_12_4_8_tarball.tar.xz,/cvmfs/cms.cern.ch/phys_generator/gridpacks/RunIII/13p6TeV/slc7_amd64_gcc10/MadGraph5_aMCatNLO/SUSY_SMS/SMS-GlGl/SMS-GlGl_mGl-1400_slc7_amd64_gcc10_CMSSW_12_4_8_tarball.tar.xz,,,
SMS-T1tttt_Par-mGluino-1450_TuneCP5_13p6TeV_madgraphMLM-pythia8,https://github.com/Kim-JiHeon-HEP/Run3_NPS_Stop_SMS_requests/blob/main/fragments/gluino/SMS-T1tttt_mGluino-1450_fragment.py,2200000,madgraph,/cvmfs/cms.cern.ch/phys_generator/gridpacks/RunIII/13p6TeV/slc7_amd64_gcc10/MadGraph5_aMCatNLO/SUSY_SMS/SMS-GlGl/SMS-GlGl_mGl-1450_slc7_amd64_gcc10_CMSSW_12_4_8_tarball.tar.xz,/cvmfs/cms.cern.ch/phys_generator/gridpacks/RunIII/13p6TeV/slc7_amd64_gcc10/MadGraph5_aMCatNLO/SUSY_SMS/SMS-GlGl/SMS-GlGl_mGl-1450_slc7_amd64_gcc10_CMSSW_12_4_8_tarball.tar.xz,,,
SMS-T1tttt_Par-mGluino-1500_TuneCP5_13p6TeV_madgraphMLM-pythia8,https://github.com/Kim-JiHeon-HEP/Run3_NPS_Stop_SMS_requests/blob/main/fragments/gluino/SMS-T1tttt_mGluino-1500_fragment.py,2200000,madgraph,/cvmfs/cms.cern.ch/phys_generator/gridpacks/RunIII/13p6TeV/slc7_amd64_gcc10/MadGraph5_aMCatNLO/SUSY_SMS/SMS-GlGl/SMS-GlGl_mGl-1500_slc7_amd64_gcc10_CMSSW_12_4_8_tarball.tar.xz,/cvmfs/cms.cern.ch/phys_generator/gridpacks/RunIII/13p6TeV/slc7_amd64_gcc10/MadGraph5_aMCatNLO/SUSY_SMS/SMS-GlGl/SMS-GlGl_mGl-1500_slc7_amd64_gcc10_CMSSW_12_4_8_tarball.tar.xz,,,
SMS-T1tttt_Par-mGluino-1550_TuneCP5_13p6TeV_madgraphMLM-pythia8,https://github.com/Kim-JiHeon-HEP/Run3_NPS_Stop_SMS_requests/blob/main/fragments/gluino/SMS-T1tttt_mGluino-1550_fragment.py,2300000,madgraph,/cvmfs/cms.cern.ch/phys_generator/gridpacks/RunIII/13p6TeV/slc7_amd64_gcc10/MadGraph5_aMCatNLO/SUSY_SMS/SMS-GlGl/SMS-GlGl_mGl-1550_slc7_amd64_gcc10_CMSSW_12_4_8_tarball.tar.xz,/cvmfs/cms.cern.ch/phys_generator/gridpacks/RunIII/13p6TeV/slc7_amd64_gcc10/MadGraph5_aMCatNLO/SUSY_SMS/SMS-GlGl/SMS-GlGl_mGl-1550_slc7_amd64_gcc10_CMSSW_12_4_8_tarball.tar.xz,,,
SMS-T1tttt_Par-mGluino-1600_TuneCP5_13p6TeV_madgraphMLM-pythia8,https://github.com/Kim-JiHeon-HEP/Run3_NPS_Stop_SMS_requests/blob/main/fragments/gluino/SMS-T1tttt_mGluino-1600_fragment.py,2300000,madgraph,/cvmfs/cms.cern.ch/phys_generator/gridpacks/RunIII/13p6TeV/slc7_amd64_gcc10/MadGraph5_aMCatNLO/SUSY_SMS/SMS-GlGl/SMS-GlGl_mGl-1600_slc7_amd64_gcc10_CMSSW_12_4_8_tarball.tar.xz,/cvmfs/cms.cern.ch/phys_generator/gridpacks/RunIII/13p6TeV/slc7_amd64_gcc10/MadGraph5_aMCatNLO/SUSY_SMS/SMS-GlGl/SMS-GlGl_mGl-1600_slc7_amd64_gcc10_CMSSW_12_4_8_tarball.tar.xz,,,
SMS-T1tttt_Par-mGluino-1650_TuneCP5_13p6TeV_madgraphMLM-pythia8,https://github.com/Kim-JiHeon-HEP/Run3_NPS_Stop_SMS_requests/blob/main/fragments/gluino/SMS-T1tttt_mGluino-1650_fragment.py,2400000,madgraph,/cvmfs/cms.cern.ch/phys_generator/gridpacks/RunIII/13p6TeV/slc7_amd64_gcc10/MadGraph5_aMCatNLO/SUSY_SMS/SMS-GlGl/SMS-GlGl_mGl-1650_slc7_amd64_gcc10_CMSSW_12_4_8_tarball.tar.xz,/cvmfs/cms.cern.ch/phys_generator/gridpacks/RunIII/13p6TeV/slc7_amd64_gcc10/MadGraph5_aMCatNLO/SUSY_SMS/SMS-GlGl/SMS-GlGl_mGl-1650_slc7_amd64_gcc10_CMSSW_12_4_8_tarball.tar.xz,,,
SMS-T1tttt_Par-mGluino-1700_TuneCP5_13p6TeV_madgraphMLM-pythia8,https://github.com/Kim-JiHeon-HEP/Run3_NPS_Stop_SMS_requests/blob/main/fragments/gluino/SMS-T1tttt_mGluino-1700_fragment.py,2400000,madgraph,/cvmfs/cms.cern.ch/phys_generator/gridpacks/RunIII/13p6TeV/slc7_amd64_gcc10/MadGraph5_aMCatNLO/SUSY_SMS/SMS-GlGl/SMS-GlGl_mGl-1700_slc7_amd64_gcc10_CMSSW_12_4_8_tarball.tar.xz,/cvmfs/cms.cern.ch/phys_generator/gridpacks/RunIII/13p6TeV/slc7_amd64_gcc10/MadGraph5_aMCatNLO/SUSY_SMS/SMS-GlGl/SMS-GlGl_mGl-1700_slc7_amd64_gcc10_CMSSW_12_4_8_tarball.tar.xz,,,
SMS-T1tttt_Par-mGluino-1750_TuneCP5_13p6TeV_madgraphMLM-pythia8,https://github.com/Kim-JiHeon-HEP/Run3_NPS_Stop_SMS_requests/blob/main/fragments/gluino/SMS-T1tttt_mGluino-1750_fragment.py,2500000,madgraph,/cvmfs/cms.cern.ch/phys_generator/gridpacks/RunIII/13p6TeV/slc7_amd64_gcc10/MadGraph5_aMCatNLO/SUSY_SMS/SMS-GlGl/SMS-GlGl_mGl-1750_slc7_amd64_gcc10_CMSSW_12_4_8_tarball.tar.xz,/cvmfs/cms.cern.ch/phys_generator/gridpacks/RunIII/13p6TeV/slc7_amd64_gcc10/MadGraph5_aMCatNLO/SUSY_SMS/SMS-GlGl/SMS-GlGl_mGl-1750_slc7_amd64_gcc10_CMSSW_12_4_8_tarball.tar.xz,,,
SMS-T1tttt_Par-mGluino-1800_TuneCP5_13p6TeV_madgraphMLM-pythia8,https://github.com/Kim-JiHeon-HEP/Run3_NPS_Stop_SMS_requests/blob/main/fragments/gluino/SMS-T1tttt_mGluino-1800_fragment.py,2500000,madgraph,/cvmfs/cms.cern.ch/phys_generator/gridpacks/RunIII/13p6TeV/slc7_amd64_gcc10/MadGraph5_aMCatNLO/SUSY_SMS/SMS-GlGl/SMS-GlGl_mGl-1800_slc7_amd64_gcc10_CMSSW_12_4_8_tarball.tar.xz,/cvmfs/cms.cern.ch/phys_generator/gridpacks/RunIII/13p6TeV/slc7_amd64_gcc10/MadGraph5_aMCatNLO/SUSY_SMS/SMS-GlGl/SMS-GlGl_mGl-1800_slc7_amd64_gcc10_CMSSW_12_4_8_tarball.tar.xz,,,
SMS-T1tttt_Par-mGluino-1850_TuneCP5_13p6TeV_madgraphMLM-pythia8,https://github.com/Kim-JiHeon-HEP/Run3_NPS_Stop_SMS_requests/blob/main/fragments/gluino/SMS-T1tttt_mGluino-1850_fragment.py,2500000,madgraph,/cvmfs/cms.cern.ch/phys_generator/gridpacks/RunIII/13p6TeV/slc7_amd64_gcc10/MadGraph5_aMCatNLO/SUSY_SMS/SMS-GlGl/SMS-GlGl_mGl-1850_slc7_amd64_gcc10_CMSSW_12_4_8_tarball.tar.xz,/cvmfs/cms.cern.ch/phys_generator/gridpacks/RunIII/13p6TeV/slc7_amd64_gcc10/MadGraph5_aMCatNLO/SUSY_SMS/SMS-GlGl/SMS-GlGl_mGl-1850_slc7_amd64_gcc10_CMSSW_12_4_8_tarball.tar.xz,,,
SMS-T1tttt_Par-mGluino-1900_TuneCP5_13p6TeV_madgraphMLM-pythia8,https://github.com/Kim-JiHeon-HEP/Run3_NPS_Stop_SMS_requests/blob/main/fragments/gluino/SMS-T1tttt_mGluino-1900_fragment.py,2400000,madgraph,/cvmfs/cms.cern.ch/phys_generator/gridpacks/RunIII/13p6TeV/slc7_amd64_gcc10/MadGraph5_aMCatNLO/SUSY_SMS/SMS-GlGl/SMS-GlGl_mGl-1900_slc7_amd64_gcc10_CMSSW_12_4_8_tarball.tar.xz,/cvmfs/cms.cern.ch/phys_generator/gridpacks/RunIII/13p6TeV/slc7_amd64_gcc10/MadGraph5_aMCatNLO/SUSY_SMS/SMS-GlGl/SMS-GlGl_mGl-1900_slc7_amd64_gcc10_CMSSW_12_4_8_tarball.tar.xz,,,
SMS-T1tttt_Par-mGluino-1950_TuneCP5_13p6TeV_madgraphMLM-pythia8,https://github.com/Kim-JiHeon-HEP/Run3_NPS_Stop_SMS_requests/blob/main/fragments/gluino/SMS-T1tttt_mGluino-1950_fragment.py,2400000,madgraph,/cvmfs/cms.cern.ch/phys_generator/gridpacks/RunIII/13p6TeV/slc7_amd64_gcc10/MadGraph5_aMCatNLO/SUSY_SMS/SMS-GlGl/SMS-GlGl_mGl-1950_slc7_amd64_gcc10_CMSSW_12_4_8_tarball.tar.xz,/cvmfs/cms.cern.ch/phys_generator/gridpacks/RunIII/13p6TeV/slc7_amd64_gcc10/MadGraph5_aMCatNLO/SUSY_SMS/SMS-GlGl/SMS-GlGl_mGl-1950_slc7_amd64_gcc10_CMSSW_12_4_8_tarball.tar.xz,,,
SMS-T1tttt_Par-mGluino-2000_TuneCP5_13p6TeV_madgraphMLM-pythia8,https://github.com/Kim-JiHeon-HEP/Run3_NPS_Stop_SMS_requests/blob/main/fragments/gluino/SMS-T1tttt_mGluino-2000_fragment.py,2300000,madgraph,/cvmfs/cms.cern.ch/phys_generator/gridpacks/RunIII/13p6TeV/slc7_amd64_gcc10/MadGraph5_aMCatNLO/SUSY_SMS/SMS-GlGl/SMS-GlGl_mGl-2000_slc7_amd64_gcc10_CMSSW_12_4_8_tarball.tar.xz,/cvmfs/cms.cern.ch/phys_generator/gridpacks/RunIII/13p6TeV/slc7_amd64_gcc10/MadGraph5_aMCatNLO/SUSY_SMS/SMS-GlGl/SMS-GlGl_mGl-2000_slc7_amd64_gcc10_CMSSW_12_4_8_tarball.tar.xz,,,
SMS-T1tttt_Par-mGluino-2050_TuneCP5_13p6TeV_madgraphMLM-pythia8,https://github.com/Kim-JiHeon-HEP/Run3_NPS_Stop_SMS_requests/blob/main/fragments/gluino/SMS-T1tttt_mGluino-2050_fragment.py,2300000,madgraph,/cvmfs/cms.cern.ch/phys_generator/gridpacks/RunIII/13p6TeV/slc7_amd64_gcc10/MadGraph5_aMCatNLO/SUSY_SMS/SMS-GlGl/SMS-GlGl_mGl-2050_slc7_amd64_gcc10_CMSSW_12_4_8_tarball.tar.xz,/cvmfs/cms.cern.ch/phys_generator/gridpacks/RunIII/13p6TeV/slc7_amd64_gcc10/MadGraph5_aMCatNLO/SUSY_SMS/SMS-GlGl/SMS-GlGl_mGl-2050_slc7_amd64_gcc10_CMSSW_12_4_8_tarball.tar.xz,,,
SMS-T1tttt_Par-mGluino-2100_TuneCP5_13p6TeV_madgraphMLM-pythia8,https://github.com/Kim-JiHeon-HEP/Run3_NPS_Stop_SMS_requests/blob/main/fragments/gluino/SMS-T1tttt_mGluino-2100_fragment.py,2200000,madgraph,/cvmfs/cms.cern.ch/phys_generator/gridpacks/RunIII/13p6TeV/slc7_amd64_gcc10/MadGraph5_aMCatNLO/SUSY_SMS/SMS-GlGl/SMS-GlGl_mGl-2100_slc7_amd64_gcc10_CMSSW_12_4_8_tarball.tar.xz,/cvmfs/cms.cern.ch/phys_generator/gridpacks/RunIII/13p6TeV/slc7_amd64_gcc10/MadGraph5_aMCatNLO/SUSY_SMS/SMS-GlGl/SMS-GlGl_mGl-2100_slc7_amd64_gcc10_CMSSW_12_4_8_tarball.tar.xz,,,
SMS-T1tttt_Par-mGluino-2150_TuneCP5_13p6TeV_madgraphMLM-pythia8,https://github.com/Kim-JiHeon-HEP/Run3_NPS_Stop_SMS_requests/blob/main/fragments/gluino/SMS-T1tttt_mGluino-2150_fragment.py,2200000,madgraph,/cvmfs/cms.cern.ch/phys_generator/gridpacks/RunIII/13p6TeV/slc7_amd64_gcc10/MadGraph5_aMCatNLO/SUSY_SMS/SMS-GlGl/SMS-GlGl_mGl-2150_slc7_amd64_gcc10_CMSSW_12_4_8_tarball.tar.xz,/cvmfs/cms.cern.ch/phys_generator/gridpacks/RunIII/13p6TeV/slc7_amd64_gcc10/MadGraph5_aMCatNLO/SUSY_SMS/SMS-GlGl/SMS-GlGl_mGl-2150_slc7_amd64_gcc10_CMSSW_12_4_8_tarball.tar.xz,,,
SMS-T1tttt_Par-mGluino-2200_TuneCP5_13p6TeV_madgraphMLM-pythia8,https://github.com/Kim-JiHeon-HEP/Run3_NPS_Stop_SMS_requests/blob/main/fragments/gluino/SMS-T1tttt_mGluino-2200_fragment.py,2100000,madgraph,/cvmfs/cms.cern.ch/phys_generator/gridpacks/RunIII/13p6TeV/slc7_amd64_gcc10/MadGraph5_aMCatNLO/SUSY_SMS/SMS-GlGl/SMS-GlGl_mGl-2200_slc7_amd64_gcc10_CMSSW_12_4_8_tarball.tar.xz,/cvmfs/cms.cern.ch/phys_generator/gridpacks/RunIII/13p6TeV/slc7_amd64_gcc10/MadGraph5_aMCatNLO/SUSY_SMS/SMS-GlGl/SMS-GlGl_mGl-2200_slc7_amd64_gcc10_CMSSW_12_4_8_tarball.tar.xz,,,
SMS-T1tttt_Par-mGluino-2250_TuneCP5_13p6TeV_madgraphMLM-pythia8,https://github.com/Kim-JiHeon-HEP/Run3_NPS_Stop_SMS_requests/blob/main/fragments/gluino/SMS-T1tttt_mGluino-2250_fragment.py,2100000,madgraph,/cvmfs/cms.cern.ch/phys_generator/gridpacks/RunIII/13p6TeV/slc7_amd64_gcc10/MadGraph5_aMCatNLO/SUSY_SMS/SMS-GlGl/SMS-GlGl_mGl-2250_slc7_amd64_gcc10_CMSSW_12_4_8_tarball.tar.xz,/cvmfs/cms.cern.ch/phys_generator/gridpacks/RunIII/13p6TeV/slc7_amd64_gcc10/MadGraph5_aMCatNLO/SUSY_SMS/SMS-GlGl/SMS-GlGl_mGl-2250_slc7_amd64_gcc10_CMSSW_12_4_8_tarball.tar.xz,,,
SMS-T1tttt_Par-mGluino-2300_TuneCP5_13p6TeV_madgraphMLM-pythia8,https://github.com/Kim-JiHeon-HEP/Run3_NPS_Stop_SMS_requests/blob/main/fragments/gluino/SMS-T1tttt_mGluino-2300_fragment.py,2000000,madgraph,/cvmfs/cms.cern.ch/phys_generator/gridpacks/RunIII/13p6TeV/slc7_amd64_gcc10/MadGraph5_aMCatNLO/SUSY_SMS/SMS-GlGl/SMS-GlGl_mGl-2300_slc7_amd64_gcc10_CMSSW_12_4_8_tarball.tar.xz,/cvmfs/cms.cern.ch/phys_generator/gridpacks/RunIII/13p6TeV/slc7_amd64_gcc10/MadGraph5_aMCatNLO/SUSY_SMS/SMS-GlGl/SMS-GlGl_mGl-2300_slc7_amd64_gcc10_CMSSW_12_4_8_tarball.tar.xz,,,
SMS-T1tttt_Par-mGluino-2350_TuneCP5_13p6TeV_madgraphMLM-pythia8,https://github.com/Kim-JiHeon-HEP/Run3_NPS_Stop_SMS_requests/blob/main/fragments/gluino/SMS-T1tttt_mGluino-2350_fragment.py,2000000,madgraph,/cvmfs/cms.cern.ch/phys_generator/gridpacks/RunIII/13p6TeV/slc7_amd64_gcc10/MadGraph5_aMCatNLO/SUSY_SMS/SMS-GlGl/SMS-GlGl_mGl-2350_slc7_amd64_gcc10_CMSSW_12_4_8_tarball.tar.xz,/cvmfs/cms.cern.ch/phys_generator/gridpacks/RunIII/13p6TeV/slc7_amd64_gcc10/MadGraph5_aMCatNLO/SUSY_SMS/SMS-GlGl/SMS-GlGl_mGl-2350_slc7_amd64_gcc10_CMSSW_12_4_8_tarball.tar.xz,,,
SMS-T1tttt_Par-mGluino-2400_TuneCP5_13p6TeV_madgraphMLM-pythia8,https://github.com/Kim-JiHeon-HEP/Run3_NPS_Stop_SMS_requests/blob/main/fragments/gluino/SMS-T1tttt_mGluino-2400_fragment.py,1900000,madgraph,/cvmfs/cms.cern.ch/phys_generator/gridpacks/RunIII/13p6TeV/slc7_amd64_gcc10/MadGraph5_aMCatNLO/SUSY_SMS/SMS-GlGl/SMS-GlGl_mGl-2400_slc7_amd64_gcc10_CMSSW_12_4_8_tarball.tar.xz,/cvmfs/cms.cern.ch/phys_generator/gridpacks/RunIII/13p6TeV/slc7_amd64_gcc10/MadGraph5_aMCatNLO/SUSY_SMS/SMS-GlGl/SMS-GlGl_mGl-2400_slc7_amd64_gcc10_CMSSW_12_4_8_tarball.tar.xz,,,
SMS-T1tttt_Par-mGluino-2450_TuneCP5_13p6TeV_madgraphMLM-pythia8,https://github.com/Kim-JiHeon-HEP/Run3_NPS_Stop_SMS_requests/blob/main/fragments/gluino/SMS-T1tttt_mGluino-2450_fragment.py,1900000,madgraph,/cvmfs/cms.cern.ch/phys_generator/gridpacks/RunIII/13p6TeV/slc7_amd64_gcc10/MadGraph5_aMCatNLO/SUSY_SMS/SMS-GlGl/SMS-GlGl_mGl-2450_slc7_amd64_gcc10_CMSSW_12_4_8_tarball.tar.xz,/cvmfs/cms.cern.ch/phys_generator/gridpacks/RunIII/13p6TeV/slc7_amd64_gcc10/MadGraph5_aMCatNLO/SUSY_SMS/SMS-GlGl/SMS-GlGl_mGl-2450_slc7_amd64_gcc10_CMSSW_12_4_8_tarball.tar.xz,,,
SMS-T1tttt_Par-mGluino-2500_TuneCP5_13p6TeV_madgraphMLM-pythia8,https://github.com/Kim-JiHeon-HEP/Run3_NPS_Stop_SMS_requests/blob/main/fragments/gluino/SMS-T1tttt_mGluino-2500_fragment.py,1800000,madgraph,/cvmfs/cms.cern.ch/phys_generator/gridpacks/RunIII/13p6TeV/slc7_amd64_gcc10/MadGraph5_aMCatNLO/SUSY_SMS/SMS-GlGl/SMS-GlGl_mGl-2500_slc7_amd64_gcc10_CMSSW_12_4_8_tarball.tar.xz,/cvmfs/cms.cern.ch/phys_generator/gridpacks/RunIII/13p6TeV/slc7_amd64_gcc10/MadGraph5_aMCatNLO/SUSY_SMS/SMS-GlGl/SMS-GlGl_mGl-2500_slc7_amd64_gcc10_CMSSW_12_4_8_tarball.tar.xz,,,
SMS-T1tttt_Par-mGluino-2550_TuneCP5_13p6TeV_madgraphMLM-pythia8,https://github.com/Kim-JiHeon-HEP/Run3_NPS_Stop_SMS_requests/blob/main/fragments/gluino/SMS-T1tttt_mGluino-2550_fragment.py,1800000,madgraph,/cvmfs/cms.cern.ch/phys_generator/gridpacks/RunIII/13p6TeV/slc7_amd64_gcc10/MadGraph5_aMCatNLO/SUSY_SMS/SMS-GlGl/SMS-GlGl_mGl-2550_slc7_amd64_gcc10_CMSSW_12_4_8_tarball.tar.xz,/cvmfs/cms.cern.ch/phys_generator/gridpacks/RunIII/13p6TeV/slc7_amd64_gcc10/MadGraph5_aMCatNLO/SUSY_SMS/SMS-GlGl/SMS-GlGl_mGl-2550_slc7_amd64_gcc10_CMSSW_12_4_8_tarball.tar.xz,,,
SMS-T1tttt_Par-mGluino-2600_TuneCP5_13p6TeV_madgraphMLM-pythia8,https://github.com/Kim-JiHeon-HEP/Run3_NPS_Stop_SMS_requests/blob/main/fragments/gluino/SMS-T1tttt_mGluino-2600_fragment.py,1700000,madgraph,/cvmfs/cms.cern.ch/phys_generator/gridpacks/RunIII/13p6TeV/slc7_amd64_gcc10/MadGraph5_aMCatNLO/SUSY_SMS/SMS-GlGl/SMS-GlGl_mGl-2600_slc7_amd64_gcc10_CMSSW_12_4_8_tarball.tar.xz,/cvmfs/cms.cern.ch/phys_generator/gridpacks/RunIII/13p6TeV/slc7_amd64_gcc10/MadGraph5_aMCatNLO/SUSY_SMS/SMS-GlGl/SMS-GlGl_mGl-2600_slc7_amd64_gcc10_CMSSW_12_4_8_tarball.tar.xz,,,
SMS-T1tttt_Par-mGluino-2650_TuneCP5_13p6TeV_madgraphMLM-pythia8,https://github.com/Kim-JiHeon-HEP/Run3_NPS_Stop_SMS_requests/blob/main/fragments/gluino/SMS-T1tttt_mGluino-2650_fragment.py,1700000,madgraph,/cvmfs/cms.cern.ch/phys_generator/gridpacks/RunIII/13p6TeV/slc7_amd64_gcc10/MadGraph5_aMCatNLO/SUSY_SMS/SMS-GlGl/SMS-GlGl_mGl-2650_slc7_amd64_gcc10_CMSSW_12_4_8_tarball.tar.xz,/cvmfs/cms.cern.ch/phys_generator/gridpacks/RunIII/13p6TeV/slc7_amd64_gcc10/MadGraph5_aMCatNLO/SUSY_SMS/SMS-GlGl/SMS-GlGl_mGl-2650_slc7_amd64_gcc10_CMSSW_12_4_8_tarball.tar.xz,,,
SMS-T1tttt_Par-mGluino-2700_TuneCP5_13p6TeV_madgraphMLM-pythia8,https://github.com/Kim-JiHeon-HEP/Run3_NPS_Stop_SMS_requests/blob/main/fragments/gluino/SMS-T1tttt_mGluino-2700_fragment.py,1700000,madgraph,/cvmfs/cms.cern.ch/phys_generator/gridpacks/RunIII/13p6TeV/slc7_amd64_gcc10/MadGraph5_aMCatNLO/SUSY_SMS/SMS-GlGl/SMS-GlGl_mGl-2700_slc7_amd64_gcc10_CMSSW_12_4_8_tarball.tar.xz,/cvmfs/cms.cern.ch/phys_generator/gridpacks/RunIII/13p6TeV/slc7_amd64_gcc10/MadGraph5_aMCatNLO/SUSY_SMS/SMS-GlGl/SMS-GlGl_mGl-2700_slc7_amd64_gcc10_CMSSW_12_4_8_tarball.tar.xz,,,
SMS-T1tttt_Par-mGluino-2750_TuneCP5_13p6TeV_madgraphMLM-pythia8,https://github.com/Kim-JiHeon-HEP/Run3_NPS_Stop_SMS_requests/blob/main/fragments/gluino/SMS-T1tttt_mGluino-2750_fragment.py,1700000,madgraph,/cvmfs/cms.cern.ch/phys_generator/gridpacks/RunIII/13p6TeV/slc7_amd64_gcc10/MadGraph5_aMCatNLO/SUSY_SMS/SMS-GlGl/SMS-GlGl_mGl-2750_slc7_amd64_gcc10_CMSSW_12_4_8_tarball.tar.xz,/cvmfs/cms.cern.ch/phys_generator/gridpacks/RunIII/13p6TeV/slc7_amd64_gcc10/MadGraph5_aMCatNLO/SUSY_SMS/SMS-GlGl/SMS-GlGl_mGl-2750_slc7_amd64_gcc10_CMSSW_12_4_8_tarball.tar.xz,,,
SMS-T1tttt_Par-mGluino-2800_TuneCP5_13p6TeV_madgraphMLM-pythia8,https://github.com/Kim-JiHeon-HEP/Run3_NPS_Stop_SMS_requests/blob/main/fragments/gluino/SMS-T1tttt_mGluino-2800_fragment.py,1700000,madgraph,/cvmfs/cms.cern.ch/phys_generator/gridpacks/RunIII/13p6TeV/slc7_amd64_gcc10/MadGraph5_aMCatNLO/SUSY_SMS/SMS-GlGl/SMS-GlGl_mGl-2800_slc7_amd64_gcc10_CMSSW_12_4_8_tarball.tar.xz,/cvmfs/cms.cern.ch/phys_generator/gridpacks/RunIII/13p6TeV/slc7_amd64_gcc10/MadGraph5_aMCatNLO/SUSY_SMS/SMS-GlGl/SMS-GlGl_mGl-2800_slc7_amd64_gcc10_CMSSW_12_4_8_tarball.tar.xz,,,
SMS-T1tttt_Par-mGluino-2850_TuneCP5_13p6TeV_madgraphMLM-pythia8,https://github.com/Kim-JiHeon-HEP/Run3_NPS_Stop_SMS_requests/blob/main/fragments/gluino/SMS-T1tttt_mGluino-2850_fragment.py,1700000,madgraph,/cvmfs/cms.cern.ch/phys_generator/gridpacks/RunIII/13p6TeV/slc7_amd64_gcc10/MadGraph5_aMCatNLO/SUSY_SMS/SMS-GlGl/SMS-GlGl_mGl-2850_slc7_amd64_gcc10_CMSSW_12_4_8_tarball.tar.xz,/cvmfs/cms.cern.ch/phys_generator/gridpacks/RunIII/13p6TeV/slc7_amd64_gcc10/MadGraph5_aMCatNLO/SUSY_SMS/SMS-GlGl/SMS-GlGl_mGl-2850_slc7_amd64_gcc10_CMSSW_12_4_8_tarball.tar.xz,,,
SMS-T1tttt_Par-mGluino-800_TuneCP5_13p6TeV_madgraphMLM-pythia8,https://github.com/Kim-JiHeon-HEP/Run3_NPS_Stop_SMS_requests/blob/main/fragments/gluino/SMS-T1tttt_mGluino-800_fragment.py,8780000,madgraph,/cvmfs/cms.cern.ch/phys_generator/gridpacks/RunIII/13p6TeV/slc7_amd64_gcc10/MadGraph5_aMCatNLO/SUSY_SMS/SMS-GlGl/SMS-GlGl_mGl-800_slc7_amd64_gcc10_CMSSW_12_4_8_tarball.tar.xz,/cvmfs/cms.cern.ch/phys_generator/gridpacks/RunIII/13p6TeV/slc7_amd64_gcc10/MadGraph5_aMCatNLO/SUSY_SMS/SMS-GlGl/SMS-GlGl_mGl-800_slc7_amd64_gcc10_CMSSW_12_4_8_tarball.tar.xz,,,
SMS-T1tttt_Par-mGluino-850_TuneCP5_13p6TeV_madgraphMLM-pythia8,https://github.com/Kim-JiHeon-HEP/Run3_NPS_Stop_SMS_requests/blob/main/fragments/gluino/SMS-T1tttt_mGluino-850_fragment.py,4712000,madgraph,/cvmfs/cms.cern.ch/phys_generator/gridpacks/RunIII/13p6TeV/slc7_amd64_gcc10/MadGraph5_aMCatNLO/SUSY_SMS/SMS-GlGl/SMS-GlGl_mGl-850_slc7_amd64_gcc10_CMSSW_12_4_8_tarball.tar.xz,/cvmfs/cms.cern.ch/phys_generator/gridpacks/RunIII/13p6TeV/slc7_amd64_gcc10/MadGraph5_aMCatNLO/SUSY_SMS/SMS-GlGl/SMS-GlGl_mGl-850_slc7_amd64_gcc10_CMSSW_12_4_8_tarball.tar.xz,,,
SMS-T1tttt_Par-mGluino-900_TuneCP5_13p6TeV_madgraphMLM-pythia8,https://github.com/Kim-JiHeon-HEP/Run3_NPS_Stop_SMS_requests/blob/main/fragments/gluino/SMS-T1tttt_mGluino-900_fragment.py,4812000,madgraph,/cvmfs/cms.cern.ch/phys_generator/gridpacks/RunIII/13p6TeV/slc7_amd64_gcc10/MadGraph5_aMCatNLO/SUSY_SMS/SMS-GlGl/SMS-GlGl_mGl-900_slc7_amd64_gcc10_CMSSW_12_4_8_tarball.tar.xz,/cvmfs/cms.cern.ch/phys_generator/gridpacks/RunIII/13p6TeV/slc7_amd64_gcc10/MadGraph5_aMCatNLO/SUSY_SMS/SMS-GlGl/SMS-GlGl_mGl-900_slc7_amd64_gcc10_CMSSW_12_4_8_tarball.tar.xz,,,
SMS-T1tttt_Par-mGluino-950_TuneCP5_13p6TeV_madgraphMLM-pythia8,https://github.com/Kim-JiHeon-HEP/Run3_NPS_Stop_SMS_requests/blob/main/fragments/gluino/SMS-T1tttt_mGluino-950_fragment.py,2770000,madgraph,/cvmfs/cms.cern.ch/phys_generator/gridpacks/RunIII/13p6TeV/slc7_amd64_gcc10/MadGraph5_aMCatNLO/SUSY_SMS/SMS-GlGl/SMS-GlGl_mGl-950_slc7_amd64_gcc10_CMSSW_12_4_8_tarball.tar.xz,/cvmfs/cms.cern.ch/phys_generator/gridpacks/RunIII/13p6TeV/slc7_amd64_gcc10/MadGraph5_aMCatNLO/SUSY_SMS/SMS-GlGl/SMS-GlGl_mGl-950_slc7_amd64_gcc10_CMSSW_12_4_8_tarball.tar.xz,,,
SMS-T5ttcc_Par-mGluino-1000_TuneCP5_13p6TeV_madgraphMLM-pythia8,https://github.com/Kim-JiHeon-HEP/Run3_NPS_Stop_SMS_requests/blob/main/fragments/gluino/SMS-T5ttcc_mGluino-1000_fragment.py,3686000,madgraph,/cvmfs/cms.cern.ch/phys_generator/gridpacks/RunIII/13p6TeV/slc7_amd64_gcc10/MadGraph5_aMCatNLO/SUSY_SMS/SMS-GlGl/SMS-GlGl_mGl-1000_slc7_amd64_gcc10_CMSSW_12_4_8_tarball.tar.xz,/cvmfs/cms.cern.ch/phys_generator/gridpacks/RunIII/13p6TeV/slc7_amd64_gcc10/MadGraph5_aMCatNLO/SUSY_SMS/SMS-GlGl/SMS-GlGl_mGl-1000_slc7_amd64_gcc10_CMSSW_12_4_8_tarball.tar.xz,,,
SMS-T5ttcc_Par-mGluino-1050_TuneCP5_13p6TeV_madgraphMLM-pythia8,https://github.com/Kim-JiHeon-HEP/Run3_NPS_Stop_SMS_requests/blob/main/fragments/gluino/SMS-T5ttcc_mGluino-1050_fragment.py,2346000,madgraph,/cvmfs/cms.cern.ch/phys_generator/gridpacks/RunIII/13p6TeV/slc7_amd64_gcc10/MadGraph5_aMCatNLO/SUSY_SMS/SMS-GlGl/SMS-GlGl_mGl-1050_slc7_amd64_gcc10_CMSSW_12_4_8_tarball.tar.xz,/cvmfs/cms.cern.ch/phys_generator/gridpacks/RunIII/13p6TeV/slc7_amd64_gcc10/MadGraph5_aMCatNLO/SUSY_SMS/SMS-GlGl/SMS-GlGl_mGl-1050_slc7_amd64_gcc10_CMSSW_12_4_8_tarball.tar.xz,,,
SMS-T5ttcc_Par-mGluino-1100_TuneCP5_13p6TeV_madgraphMLM-pythia8,https://github.com/Kim-JiHeon-HEP/Run3_NPS_Stop_SMS_requests/blob/main/fragments/gluino/SMS-T5ttcc_mGluino-1100_fragment.py,2100000,madgraph,/cvmfs/cms.cern.ch/phys_generator/gridpacks/RunIII/13p6TeV/slc7_amd64_gcc10/MadGraph5_aMCatNLO/SUSY_SMS/SMS-GlGl/SMS-GlGl_mGl-1100_slc7_amd64_gcc10_CMSSW_12_4_8_tarball.tar.xz,/cvmfs/cms.cern.ch/phys_generator/gridpacks/RunIII/13p6TeV/slc7_amd64_gcc10/MadGraph5_aMCatNLO/SUSY_SMS/SMS-GlGl/SMS-GlGl_mGl-1100_slc7_amd64_gcc10_CMSSW_12_4_8_tarball.tar.xz,,,
SMS-T5ttcc_Par-mGluino-1150_TuneCP5_13p6TeV_madgraphMLM-pythia8,https://github.com/Kim-JiHeon-HEP/Run3_NPS_Stop_SMS_requests/blob/main/fragments/gluino/SMS-T5ttcc_mGluino-1150_fragment.py,1900000,madgraph,/cvmfs/cms.cern.ch/phys_generator/gridpacks/RunIII/13p6TeV/slc7_amd64_gcc10/MadGraph5_aMCatNLO/SUSY_SMS/SMS-GlGl/SMS-GlGl_mGl-1150_slc7_amd64_gcc10_CMSSW_12_4_8_tarball.tar.xz,/cvmfs/cms.cern.ch/phys_generator/gridpacks/RunIII/13p6TeV/slc7_amd64_gcc10/MadGraph5_aMCatNLO/SUSY_SMS/SMS-GlGl/SMS-GlGl_mGl-1150_slc7_amd64_gcc10_CMSSW_12_4_8_tarball.tar.xz,,,
SMS-T5ttcc_Par-mGluino-1200_TuneCP5_13p6TeV_madgraphMLM-pythia8,https://github.com/Kim-JiHeon-HEP/Run3_NPS_Stop_SMS_requests/blob/main/fragments/gluino/SMS-T5ttcc_mGluino-1200_fragment.py,2300000,madgraph,/cvmfs/cms.cern.ch/phys_generator/gridpacks/RunIII/13p6TeV/slc7_amd64_gcc10/MadGraph5_aMCatNLO/SUSY_SMS/SMS-GlGl/SMS-GlGl_mGl-1200_slc7_amd64_gcc10_CMSSW_12_4_8_tarball.tar.xz,/cvmfs/cms.cern.ch/phys_generator/gridpacks/RunIII/13p6TeV/slc7_amd64_gcc10/MadGraph5_aMCatNLO/SUSY_SMS/SMS-GlGl/SMS-GlGl_mGl-1200_slc7_amd64_gcc10_CMSSW_12_4_8_tarball.tar.xz,,,
SMS-T5ttcc_Par-mGluino-1250_TuneCP5_13p6TeV_madgraphMLM-pythia8,https://github.com/Kim-JiHeon-HEP/Run3_NPS_Stop_SMS_requests/blob/main/fragments/gluino/SMS-T5ttcc_mGluino-1250_fragment.py,2400000,madgraph,/cvmfs/cms.cern.ch/phys_generator/gridpacks/RunIII/13p6TeV/slc7_amd64_gcc10/MadGraph5_aMCatNLO/SUSY_SMS/SMS-GlGl/SMS-GlGl_mGl-1250_slc7_amd64_gcc10_CMSSW_12_4_8_tarball.tar.xz,/cvmfs/cms.cern.ch/phys_generator/gridpacks/RunIII/13p6TeV/slc7_amd64_gcc10/MadGraph5_aMCatNLO/SUSY_SMS/SMS-GlGl/SMS-GlGl_mGl-1250_slc7_amd64_gcc10_CMSSW_12_4_8_tarball.tar.xz,,,
SMS-T5ttcc_Par-mGluino-1300_TuneCP5_13p6TeV_madgraphMLM-pythia8,https://github.com/Kim-JiHeon-HEP/Run3_NPS_Stop_SMS_requests/blob/main/fragments/gluino/SMS-T5ttcc_mGluino-1300_fragment.py,2500000,madgraph,/cvmfs/cms.cern.ch/phys_generator/gridpacks/RunIII/13p6TeV/slc7_amd64_gcc10/MadGraph5_aMCatNLO/SUSY_SMS/SMS-GlGl/SMS-GlGl_mGl-1300_slc7_amd64_gcc10_CMSSW_12_4_8_tarball.tar.xz,/cvmfs/cms.cern.ch/phys_generator/gridpacks/RunIII/13p6TeV/slc7_amd64_gcc10/MadGraph5_aMCatNLO/SUSY_SMS/SMS-GlGl/SMS-GlGl_mGl-1300_slc7_amd64_gcc10_CMSSW_12_4_8_tarball.tar.xz,,,
SMS-T5ttcc_Par-mGluino-1350_TuneCP5_13p6TeV_madgraphMLM-pythia8,https://github.com/Kim-JiHeon-HEP/Run3_NPS_Stop_SMS_requests/blob/main/fragments/gluino/SMS-T5ttcc_mGluino-1350_fragment.py,2600000,madgraph,/cvmfs/cms.cern.ch/phys_generator/gridpacks/RunIII/13p6TeV/slc7_amd64_gcc10/MadGraph5_aMCatNLO/SUSY_SMS/SMS-GlGl/SMS-GlGl_mGl-1350_slc7_amd64_gcc10_CMSSW_12_4_8_tarball.tar.xz,/cvmfs/cms.cern.ch/phys_generator/gridpacks/RunIII/13p6TeV/slc7_amd64_gcc10/MadGraph5_aMCatNLO/SUSY_SMS/SMS-GlGl/SMS-GlGl_mGl-1350_slc7_amd64_gcc10_CMSSW_12_4_8_tarball.tar.xz,,,
SMS-T5ttcc_Par-mGluino-1400_TuneCP5_13p6TeV_madgraphMLM-pythia8,https://github.com/Kim-JiHeon-HEP/Run3_NPS_Stop_SMS_requests/blob/main/fragments/gluino/SMS-T5ttcc_mGluino-1400_fragment.py,2600000,madgraph,/cvmfs/cms.cern.ch/phys_generator/gridpacks/RunIII/13p6TeV/slc7_amd64_gcc10/MadGraph5_aMCatNLO/SUSY_SMS/SMS-GlGl/SMS-GlGl_mGl-1400_slc7_amd64_gcc10_CMSSW_12_4_8_tarball.tar.xz,/cvmfs/cms.cern.ch/phys_generator/gridpacks/RunIII/13p6TeV/slc7_amd64_gcc10/MadGraph5_aMCatNLO/SUSY_SMS/SMS-GlGl/SMS-GlGl_mGl-1400_slc7_amd64_gcc10_CMSSW_12_4_8_tarball.tar.xz,,,
SMS-T5ttcc_Par-mGluino-1450_TuneCP5_13p6TeV_madgraphMLM-pythia8,https://github.com/Kim-JiHeon-HEP/Run3_NPS_Stop_SMS_requests/blob/main/fragments/gluino/SMS-T5ttcc_mGluino-1450_fragment.py,2700000,madgraph,/cvmfs/cms.cern.ch/phys_generator/gridpacks/RunIII/13p6TeV/slc7_amd64_gcc10/MadGraph5_aMCatNLO/SUSY_SMS/SMS-GlGl/SMS-GlGl_mGl-1450_slc7_amd64_gcc10_CMSSW_12_4_8_tarball.tar.xz,/cvmfs/cms.cern.ch/phys_generator/gridpacks/RunIII/13p6TeV/slc7_amd64_gcc10/MadGraph5_aMCatNLO/SUSY_SMS/SMS-GlGl/SMS-GlGl_mGl-1450_slc7_amd64_gcc10_CMSSW_12_4_8_tarball.tar.xz,,,
SMS-T5ttcc_Par-mGluino-1500_TuneCP5_13p6TeV_madgraphMLM-pythia8,https://github.com/Kim-JiHeon-HEP/Run3_NPS_Stop_SMS_requests/blob/main/fragments/gluino/SMS-T5ttcc_mGluino-1500_fragment.py,2700000,madgraph,/cvmfs/cms.cern.ch/phys_generator/gridpacks/RunIII/13p6TeV/slc7_amd64_gcc10/MadGraph5_aMCatNLO/SUSY_SMS/SMS-GlGl/SMS-GlGl_mGl-1500_slc7_amd64_gcc10_CMSSW_12_4_8_tarball.tar.xz,/cvmfs/cms.cern.ch/phys_generator/gridpacks/RunIII/13p6TeV/slc7_amd64_gcc10/MadGraph5_aMCatNLO/SUSY_SMS/SMS-GlGl/SMS-GlGl_mGl-1500_slc7_amd64_gcc10_CMSSW_12_4_8_tarball.tar.xz,,,
SMS-T5ttcc_Par-mGluino-1550_TuneCP5_13p6TeV_madgraphMLM-pythia8,https://github.com/Kim-JiHeon-HEP/Run3_NPS_Stop_SMS_requests/blob/main/fragments/gluino/SMS-T5ttcc_mGluino-1550_fragment.py,2800000,madgraph,/cvmfs/cms.cern.ch/phys_generator/gridpacks/RunIII/13p6TeV/slc7_amd64_gcc10/MadGraph5_aMCatNLO/SUSY_SMS/SMS-GlGl/SMS-GlGl_mGl-1550_slc7_amd64_gcc10_CMSSW_12_4_8_tarball.tar.xz,/cvmfs/cms.cern.ch/phys_generator/gridpacks/RunIII/13p6TeV/slc7_amd64_gcc10/MadGraph5_aMCatNLO/SUSY_SMS/SMS-GlGl/SMS-GlGl_mGl-1550_slc7_amd64_gcc10_CMSSW_12_4_8_tarball.tar.xz,,,
SMS-T5ttcc_Par-mGluino-1600_TuneCP5_13p6TeV_madgraphMLM-pythia8,https://github.com/Kim-JiHeon-HEP/Run3_NPS_Stop_SMS_requests/blob/main/fragments/gluino/SMS-T5ttcc_mGluino-1600_fragment.py,2800000,madgraph,/cvmfs/cms.cern.ch/phys_generator/gridpacks/RunIII/13p6TeV/slc7_amd64_gcc10/MadGraph5_aMCatNLO/SUSY_SMS/SMS-GlGl/SMS-GlGl_mGl-1600_slc7_amd64_gcc10_CMSSW_12_4_8_tarball.tar.xz,/cvmfs/cms.cern.ch/phys_generator/gridpacks/RunIII/13p6TeV/slc7_amd64_gcc10/MadGraph5_aMCatNLO/SUSY_SMS/SMS-GlGl/SMS-GlGl_mGl-1600_slc7_amd64_gcc10_CMSSW_12_4_8_tarball.tar.xz,,,
SMS-T5ttcc_Par-mGluino-1650_TuneCP5_13p6TeV_madgraphMLM-pythia8,https://github.com/Kim-JiHeon-HEP/Run3_NPS_Stop_SMS_requests/blob/main/fragments/gluino/SMS-T5ttcc_mGluino-1650_fragment.py,2900000,madgraph,/cvmfs/cms.cern.ch/phys_generator/gridpacks/RunIII/13p6TeV/slc7_amd64_gcc10/MadGraph5_aMCatNLO/SUSY_SMS/SMS-GlGl/SMS-GlGl_mGl-1650_slc7_amd64_gcc10_CMSSW_12_4_8_tarball.tar.xz,/cvmfs/cms.cern.ch/phys_generator/gridpacks/RunIII/13p6TeV/slc7_amd64_gcc10/MadGraph5_aMCatNLO/SUSY_SMS/SMS-GlGl/SMS-GlGl_mGl-1650_slc7_amd64_gcc10_CMSSW_12_4_8_tarball.tar.xz,,,
SMS-T5ttcc_Par-mGluino-1700_TuneCP5_13p6TeV_madgraphMLM-pythia8,https://github.com/Kim-JiHeon-HEP/Run3_NPS_Stop_SMS_requests/blob/main/fragments/gluino/SMS-T5ttcc_mGluino-1700_fragment.py,2900000,madgraph,/cvmfs/cms.cern.ch/phys_generator/gridpacks/RunIII/13p6TeV/slc7_amd64_gcc10/MadGraph5_aMCatNLO/SUSY_SMS/SMS-GlGl/SMS-GlGl_mGl-1700_slc7_amd64_gcc10_CMSSW_12_4_8_tarball.tar.xz,/cvmfs/cms.cern.ch/phys_generator/gridpacks/RunIII/13p6TeV/slc7_amd64_gcc10/MadGraph5_aMCatNLO/SUSY_SMS/SMS-GlGl/SMS-GlGl_mGl-1700_slc7_amd64_gcc10_CMSSW_12_4_8_tarball.tar.xz,,,
SMS-T5ttcc_Par-mGluino-1750_TuneCP5_13p6TeV_madgraphMLM-pythia8,https://github.com/Kim-JiHeon-HEP/Run3_NPS_Stop_SMS_requests/blob/main/fragments/gluino/SMS-T5ttcc_mGluino-1750_fragment.py,2800000,madgraph,/cvmfs/cms.cern.ch/phys_generator/gridpacks/RunIII/13p6TeV/slc7_amd64_gcc10/MadGraph5_aMCatNLO/SUSY_SMS/SMS-GlGl/SMS-GlGl_mGl-1750_slc7_amd64_gcc10_CMSSW_12_4_8_tarball.tar.xz,/cvmfs/cms.cern.ch/phys_generator/gridpacks/RunIII/13p6TeV/slc7_amd64_gcc10/MadGraph5_aMCatNLO/SUSY_SMS/SMS-GlGl/SMS-GlGl_mGl-1750_slc7_amd64_gcc10_CMSSW_12_4_8_tarball.tar.xz,,,
SMS-T5ttcc_Par-mGluino-1800_TuneCP5_13p6TeV_madgraphMLM-pythia8,https://github.com/Kim-JiHeon-HEP/Run3_NPS_Stop_SMS_requests/blob/main/fragments/gluino/SMS-T5ttcc_mGluino-1800_fragment.py,2600000,madgraph,/cvmfs/cms.cern.ch/phys_generator/gridpacks/RunIII/13p6TeV/slc7_amd64_gcc10/MadGraph5_aMCatNLO/SUSY_SMS/SMS-GlGl/SMS-GlGl_mGl-1800_slc7_amd64_gcc10_CMSSW_12_4_8_tarball.tar.xz,/cvmfs/cms.cern.ch/phys_generator/gridpacks/RunIII/13p6TeV/slc7_amd64_gcc10/MadGraph5_aMCatNLO/SUSY_SMS/SMS-GlGl/SMS-GlGl_mGl-1800_slc7_amd64_gcc10_CMSSW_12_4_8_tarball.tar.xz,,,
SMS-T5ttcc_Par-mGluino-1850_TuneCP5_13p6TeV_madgraphMLM-pythia8,https://github.com/Kim-JiHeon-HEP/Run3_NPS_Stop_SMS_requests/blob/main/fragments/gluino/SMS-T5ttcc_mGluino-1850_fragment.py,2500000,madgraph,/cvmfs/cms.cern.ch/phys_generator/gridpacks/RunIII/13p6TeV/slc7_amd64_gcc10/MadGraph5_aMCatNLO/SUSY_SMS/SMS-GlGl/SMS-GlGl_mGl-1850_slc7_amd64_gcc10_CMSSW_12_4_8_tarball.tar.xz,/cvmfs/cms.cern.ch/phys_generator/gridpacks/RunIII/13p6TeV/slc7_amd64_gcc10/MadGraph5_aMCatNLO/SUSY_SMS/SMS-GlGl/SMS-GlGl_mGl-1850_slc7_amd64_gcc10_CMSSW_12_4_8_tarball.tar.xz,,,
SMS-T5ttcc_Par-mGluino-1900_TuneCP5_13p6TeV_madgraphMLM-pythia8,https://github.com/Kim-JiHeon-HEP/Run3_NPS_Stop_SMS_requests/blob/main/fragments/gluino/SMS-T5ttcc_mGluino-1900_fragment.py,2400000,madgraph,/cvmfs/cms.cern.ch/phys_generator/gridpacks/RunIII/13p6TeV/slc7_amd64_gcc10/MadGraph5_aMCatNLO/SUSY_SMS/SMS-GlGl/SMS-GlGl_mGl-1900_slc7_amd64_gcc10_CMSSW_12_4_8_tarball.tar.xz,/cvmfs/cms.cern.ch/phys_generator/gridpacks/RunIII/13p6TeV/slc7_amd64_gcc10/MadGraph5_aMCatNLO/SUSY_SMS/SMS-GlGl/SMS-GlGl_mGl-1900_slc7_amd64_gcc10_CMSSW_12_4_8_tarball.tar.xz,,,
SMS-T5ttcc_Par-mGluino-1950_TuneCP5_13p6TeV_madgraphMLM-pythia8,https://github.com/Kim-JiHeon-HEP/Run3_NPS_Stop_SMS_requests/blob/main/fragments/gluino/SMS-T5ttcc_mGluino-1950_fragment.py,2400000,madgraph,/cvmfs/cms.cern.ch/phys_generator/gridpacks/RunIII/13p6TeV/slc7_amd64_gcc10/MadGraph5_aMCatNLO/SUSY_SMS/SMS-GlGl/SMS-GlGl_mGl-1950_slc7_amd64_gcc10_CMSSW_12_4_8_tarball.tar.xz,/cvmfs/cms.cern.ch/phys_generator/gridpacks/RunIII/13p6TeV/slc7_amd64_gcc10/MadGraph5_aMCatNLO/SUSY_SMS/SMS-GlGl/SMS-GlGl_mGl-1950_slc7_amd64_gcc10_CMSSW_12_4_8_tarball.tar.xz,,,
SMS-T5ttcc_Par-mGluino-2000_TuneCP5_13p6TeV_madgraphMLM-pythia8,https://github.com/Kim-JiHeon-HEP/Run3_NPS_Stop_SMS_requests/blob/main/fragments/gluino/SMS-T5ttcc_mGluino-2000_fragment.py,2300000,madgraph,/cvmfs/cms.cern.ch/phys_generator/gridpacks/RunIII/13p6TeV/slc7_amd64_gcc10/MadGraph5_aMCatNLO/SUSY_SMS/SMS-GlGl/SMS-GlGl_mGl-2000_slc7_amd64_gcc10_CMSSW_12_4_8_tarball.tar.xz,/cvmfs/cms.cern.ch/phys_generator/gridpacks/RunIII/13p6TeV/slc7_amd64_gcc10/MadGraph5_aMCatNLO/SUSY_SMS/SMS-GlGl/SMS-GlGl_mGl-2000_slc7_amd64_gcc10_CMSSW_12_4_8_tarball.tar.xz,,,
SMS-T5ttcc_Par-mGluino-2050_TuneCP5_13p6TeV_madgraphMLM-pythia8,https://github.com/Kim-JiHeon-HEP/Run3_NPS_Stop_SMS_requests/blob/main/fragments/gluino/SMS-T5ttcc_mGluino-2050_fragment.py,2300000,madgraph,/cvmfs/cms.cern.ch/phys_generator/gridpacks/RunIII/13p6TeV/slc7_amd64_gcc10/MadGraph5_aMCatNLO/SUSY_SMS/SMS-GlGl/SMS-GlGl_mGl-2050_slc7_amd64_gcc10_CMSSW_12_4_8_tarball.tar.xz,/cvmfs/cms.cern.ch/phys_generator/gridpacks/RunIII/13p6TeV/slc7_amd64_gcc10/MadGraph5_aMCatNLO/SUSY_SMS/SMS-GlGl/SMS-GlGl_mGl-2050_slc7_amd64_gcc10_CMSSW_12_4_8_tarball.tar.xz,,,
SMS-T5ttcc_Par-mGluino-2100_TuneCP5_13p6TeV_madgraphMLM-pythia8,https://github.com/Kim-JiHeon-HEP/Run3_NPS_Stop_SMS_requests/blob/main/fragments/gluino/SMS-T5ttcc_mGluino-2100_fragment.py,2200000,madgraph,/cvmfs/cms.cern.ch/phys_generator/gridpacks/RunIII/13p6TeV/slc7_amd64_gcc10/MadGraph5_aMCatNLO/SUSY_SMS/SMS-GlGl/SMS-GlGl_mGl-2100_slc7_amd64_gcc10_CMSSW_12_4_8_tarball.tar.xz,/cvmfs/cms.cern.ch/phys_generator/gridpacks/RunIII/13p6TeV/slc7_amd64_gcc10/MadGraph5_aMCatNLO/SUSY_SMS/SMS-GlGl/SMS-GlGl_mGl-2100_slc7_amd64_gcc10_CMSSW_12_4_8_tarball.tar.xz,,,
SMS-T5ttcc_Par-mGluino-2150_TuneCP5_13p6TeV_madgraphMLM-pythia8,https://github.com/Kim-JiHeon-HEP/Run3_NPS_Stop_SMS_requests/blob/main/fragments/gluino/SMS-T5ttcc_mGluino-2150_fragment.py,2200000,madgraph,/cvmfs/cms.cern.ch/phys_generator/gridpacks/RunIII/13p6TeV/slc7_amd64_gcc10/MadGraph5_aMCatNLO/SUSY_SMS/SMS-GlGl/SMS-GlGl_mGl-2150_slc7_amd64_gcc10_CMSSW_12_4_8_tarball.tar.xz,/cvmfs/cms.cern.ch/phys_generator/gridpacks/RunIII/13p6TeV/slc7_amd64_gcc10/MadGraph5_aMCatNLO/SUSY_SMS/SMS-GlGl/SMS-GlGl_mGl-2150_slc7_amd64_gcc10_CMSSW_12_4_8_tarball.tar.xz,,,
SMS-T5ttcc_Par-mGluino-2200_TuneCP5_13p6TeV_madgraphMLM-pythia8,https://github.com/Kim-JiHeon-HEP/Run3_NPS_Stop_SMS_requests/blob/main/fragments/gluino/SMS-T5ttcc_mGluino-2200_fragment.py,2100000,madgraph,/cvmfs/cms.cern.ch/phys_generator/gridpacks/RunIII/13p6TeV/slc7_amd64_gcc10/MadGraph5_aMCatNLO/SUSY_SMS/SMS-GlGl/SMS-GlGl_mGl-2200_slc7_amd64_gcc10_CMSSW_12_4_8_tarball.tar.xz,/cvmfs/cms.cern.ch/phys_generator/gridpacks/RunIII/13p6TeV/slc7_amd64_gcc10/MadGraph5_aMCatNLO/SUSY_SMS/SMS-GlGl/SMS-GlGl_mGl-2200_slc7_amd64_gcc10_CMSSW_12_4_8_tarball.tar.xz,,,
SMS-T5ttcc_Par-mGluino-2250_TuneCP5_13p6TeV_madgraphMLM-pythia8,https://github.com/Kim-JiHeon-HEP/Run3_NPS_Stop_SMS_requests/blob/main/fragments/gluino/SMS-T5ttcc_mGluino-2250_fragment.py,2100000,madgraph,/cvmfs/cms.cern.ch/phys_generator/gridpacks/RunIII/13p6TeV/slc7_amd64_gcc10/MadGraph5_aMCatNLO/SUSY_SMS/SMS-GlGl/SMS-GlGl_mGl-2250_slc7_amd64_gcc10_CMSSW_12_4_8_tarball.tar.xz,/cvmfs/cms.cern.ch/phys_generator/gridpacks/RunIII/13p6TeV/slc7_amd64_gcc10/MadGraph5_aMCatNLO/SUSY_SMS/SMS-GlGl/SMS-GlGl_mGl-2250_slc7_amd64_gcc10_CMSSW_12_4_8_tarball.tar.xz,,,
SMS-T5ttcc_Par-mGluino-2300_TuneCP5_13p6TeV_madgraphMLM-pythia8,https://github.com/Kim-JiHeon-HEP/Run3_NPS_Stop_SMS_requests/blob/main/fragments/gluino/SMS-T5ttcc_mGluino-2300_fragment.py,2000000,madgraph,/cvmfs/cms.cern.ch/phys_generator/gridpacks/RunIII/13p6TeV/slc7_amd64_gcc10/MadGraph5_aMCatNLO/SUSY_SMS/SMS-GlGl/SMS-GlGl_mGl-2300_slc7_amd64_gcc10_CMSSW_12_4_8_tarball.tar.xz,/cvmfs/cms.cern.ch/phys_generator/gridpacks/RunIII/13p6TeV/slc7_amd64_gcc10/MadGraph5_aMCatNLO/SUSY_SMS/SMS-GlGl/SMS-GlGl_mGl-2300_slc7_amd64_gcc10_CMSSW_12_4_8_tarball.tar.xz,,,
SMS-T5ttcc_Par-mGluino-2350_TuneCP5_13p6TeV_madgraphMLM-pythia8,https://github.com/Kim-JiHeon-HEP/Run3_NPS_Stop_SMS_requests/blob/main/fragments/gluino/SMS-T5ttcc_mGluino-2350_fragment.py,2000000,madgraph,/cvmfs/cms.cern.ch/phys_generator/gridpacks/RunIII/13p6TeV/slc7_amd64_gcc10/MadGraph5_aMCatNLO/SUSY_SMS/SMS-GlGl/SMS-GlGl_mGl-2350_slc7_amd64_gcc10_CMSSW_12_4_8_tarball.tar.xz,/cvmfs/cms.cern.ch/phys_generator/gridpacks/RunIII/13p6TeV/slc7_amd64_gcc10/MadGraph5_aMCatNLO/SUSY_SMS/SMS-GlGl/SMS-GlGl_mGl-2350_slc7_amd64_gcc10_CMSSW_12_4_8_tarball.tar.xz,,,
SMS-T5ttcc_Par-mGluino-2400_TuneCP5_13p6TeV_madgraphMLM-pythia8,https://github.com/Kim-JiHeon-HEP/Run3_NPS_Stop_SMS_requests/blob/main/fragments/gluino/SMS-T5ttcc_mGluino-2400_fragment.py,1900000,madgraph,/cvmfs/cms.cern.ch/phys_generator/gridpacks/RunIII/13p6TeV/slc7_amd64_gcc10/MadGraph5_aMCatNLO/SUSY_SMS/SMS-GlGl/SMS-GlGl_mGl-2400_slc7_amd64_gcc10_CMSSW_12_4_8_tarball.tar.xz,/cvmfs/cms.cern.ch/phys_generator/gridpacks/RunIII/13p6TeV/slc7_amd64_gcc10/MadGraph5_aMCatNLO/SUSY_SMS/SMS-GlGl/SMS-GlGl_mGl-2400_slc7_amd64_gcc10_CMSSW_12_4_8_tarball.tar.xz,,,
SMS-T5ttcc_Par-mGluino-2450_TuneCP5_13p6TeV_madgraphMLM-pythia8,https://github.com/Kim-JiHeon-HEP/Run3_NPS_Stop_SMS_requests/blob/main/fragments/gluino/SMS-T5ttcc_mGluino-2450_fragment.py,1900000,madgraph,/cvmfs/cms.cern.ch/phys_generator/gridpacks/RunIII/13p6TeV/slc7_amd64_gcc10/MadGraph5_aMCatNLO/SUSY_SMS/SMS-GlGl/SMS-GlGl_mGl-2450_slc7_amd64_gcc10_CMSSW_12_4_8_tarball.tar.xz,/cvmfs/cms.cern.ch/phys_generator/gridpacks/RunIII/13p6TeV/slc7_amd64_gcc10/MadGraph5_aMCatNLO/SUSY_SMS/SMS-GlGl/SMS-GlGl_mGl-2450_slc7_amd64_gcc10_CMSSW_12_4_8_tarball.tar.xz,,,
SMS-T5ttcc_Par-mGluino-2500_TuneCP5_13p6TeV_madgraphMLM-pythia8,https://github.com/Kim-JiHeon-HEP/Run3_NPS_Stop_SMS_requests/blob/main/fragments/gluino/SMS-T5ttcc_mGluino-2500_fragment.py,1800000,madgraph,/cvmfs/cms.cern.ch/phys_generator/gridpacks/RunIII/13p6TeV/slc7_amd64_gcc10/MadGraph5_aMCatNLO/SUSY_SMS/SMS-GlGl/SMS-GlGl_mGl-2500_slc7_amd64_gcc10_CMSSW_12_4_8_tarball.tar.xz,/cvmfs/cms.cern.ch/phys_generator/gridpacks/RunIII/13p6TeV/slc7_amd64_gcc10/MadGraph5_aMCatNLO/SUSY_SMS/SMS-GlGl/SMS-GlGl_mGl-2500_slc7_amd64_gcc10_CMSSW_12_4_8_tarball.tar.xz,,,
SMS-T5ttcc_Par-mGluino-2550_TuneCP5_13p6TeV_madgraphMLM-pythia8,https://github.com/Kim-JiHeon-HEP/Run3_NPS_Stop_SMS_requests/blob/main/fragments/gluino/SMS-T5ttcc_mGluino-2550_fragment.py,1800000,madgraph,/cvmfs/cms.cern.ch/phys_generator/gridpacks/RunIII/13p6TeV/slc7_amd64_gcc10/MadGraph5_aMCatNLO/SUSY_SMS/SMS-GlGl/SMS-GlGl_mGl-2550_slc7_amd64_gcc10_CMSSW_12_4_8_tarball.tar.xz,/cvmfs/cms.cern.ch/phys_generator/gridpacks/RunIII/13p6TeV/slc7_amd64_gcc10/MadGraph5_aMCatNLO/SUSY_SMS/SMS-GlGl/SMS-GlGl_mGl-2550_slc7_amd64_gcc10_CMSSW_12_4_8_tarball.tar.xz,,,
SMS-T5ttcc_Par-mGluino-2600_TuneCP5_13p6TeV_madgraphMLM-pythia8,https://github.com/Kim-JiHeon-HEP/Run3_NPS_Stop_SMS_requests/blob/main/fragments/gluino/SMS-T5ttcc_mGluino-2600_fragment.py,1700000,madgraph,/cvmfs/cms.cern.ch/phys_generator/gridpacks/RunIII/13p6TeV/slc7_amd64_gcc10/MadGraph5_aMCatNLO/SUSY_SMS/SMS-GlGl/SMS-GlGl_mGl-2600_slc7_amd64_gcc10_CMSSW_12_4_8_tarball.tar.xz,/cvmfs/cms.cern.ch/phys_generator/gridpacks/RunIII/13p6TeV/slc7_amd64_gcc10/MadGraph5_aMCatNLO/SUSY_SMS/SMS-GlGl/SMS-GlGl_mGl-2600_slc7_amd64_gcc10_CMSSW_12_4_8_tarball.tar.xz,,,
SMS-T5ttcc_Par-mGluino-2650_TuneCP5_13p6TeV_madgraphMLM-pythia8,https://github.com/Kim-JiHeon-HEP/Run3_NPS_Stop_SMS_requests/blob/main/fragments/gluino/SMS-T5ttcc_mGluino-2650_fragment.py,1700000,madgraph,/cvmfs/cms.cern.ch/phys_generator/gridpacks/RunIII/13p6TeV/slc7_amd64_gcc10/MadGraph5_aMCatNLO/SUSY_SMS/SMS-GlGl/SMS-GlGl_mGl-2650_slc7_amd64_gcc10_CMSSW_12_4_8_tarball.tar.xz,/cvmfs/cms.cern.ch/phys_generator/gridpacks/RunIII/13p6TeV/slc7_amd64_gcc10/MadGraph5_aMCatNLO/SUSY_SMS/SMS-GlGl/SMS-GlGl_mGl-2650_slc7_amd64_gcc10_CMSSW_12_4_8_tarball.tar.xz,,,
SMS-T5ttcc_Par-mGluino-2700_TuneCP5_13p6TeV_madgraphMLM-pythia8,https://github.com/Kim-JiHeon-HEP/Run3_NPS_Stop_SMS_requests/blob/main/fragments/gluino/SMS-T5ttcc_mGluino-2700_fragment.py,1700000,madgraph,/cvmfs/cms.cern.ch/phys_generator/gridpacks/RunIII/13p6TeV/slc7_amd64_gcc10/MadGraph5_aMCatNLO/SUSY_SMS/SMS-GlGl/SMS-GlGl_mGl-2700_slc7_amd64_gcc10_CMSSW_12_4_8_tarball.tar.xz,/cvmfs/cms.cern.ch/phys_generator/gridpacks/RunIII/13p6TeV/slc7_amd64_gcc10/MadGraph5_aMCatNLO/SUSY_SMS/SMS-GlGl/SMS-GlGl_mGl-2700_slc7_amd64_gcc10_CMSSW_12_4_8_tarball.tar.xz,,,
SMS-T5ttcc_Par-mGluino-2750_TuneCP5_13p6TeV_madgraphMLM-pythia8,https://github.com/Kim-JiHeon-HEP/Run3_NPS_Stop_SMS_requests/blob/main/fragments/gluino/SMS-T5ttcc_mGluino-2750_fragment.py,1700000,madgraph,/cvmfs/cms.cern.ch/phys_generator/gridpacks/RunIII/13p6TeV/slc7_amd64_gcc10/MadGraph5_aMCatNLO/SUSY_SMS/SMS-GlGl/SMS-GlGl_mGl-2750_slc7_amd64_gcc10_CMSSW_12_4_8_tarball.tar.xz,/cvmfs/cms.cern.ch/phys_generator/gridpacks/RunIII/13p6TeV/slc7_amd64_gcc10/MadGraph5_aMCatNLO/SUSY_SMS/SMS-GlGl/SMS-GlGl_mGl-2750_slc7_amd64_gcc10_CMSSW_12_4_8_tarball.tar.xz,,,
SMS-T5ttcc_Par-mGluino-2800_TuneCP5_13p6TeV_madgraphMLM-pythia8,https://github.com/Kim-JiHeon-HEP/Run3_NPS_Stop_SMS_requests/blob/main/fragments/gluino/SMS-T5ttcc_mGluino-2800_fragment.py,1700000,madgraph,/cvmfs/cms.cern.ch/phys_generator/gridpacks/RunIII/13p6TeV/slc7_amd64_gcc10/MadGraph5_aMCatNLO/SUSY_SMS/SMS-GlGl/SMS-GlGl_mGl-2800_slc7_amd64_gcc10_CMSSW_12_4_8_tarball.tar.xz,/cvmfs/cms.cern.ch/phys_generator/gridpacks/RunIII/13p6TeV/slc7_amd64_gcc10/MadGraph5_aMCatNLO/SUSY_SMS/SMS-GlGl/SMS-GlGl_mGl-2800_slc7_amd64_gcc10_CMSSW_12_4_8_tarball.tar.xz,,,
SMS-T5ttcc_Par-mGluino-2850_TuneCP5_13p6TeV_madgraphMLM-pythia8,https://github.com/Kim-JiHeon-HEP/Run3_NPS_Stop_SMS_requests/blob/main/fragments/gluino/SMS-T5ttcc_mGluino-2850_fragment.py,1700000,madgraph,/cvmfs/cms.cern.ch/phys_generator/gridpacks/RunIII/13p6TeV/slc7_amd64_gcc10/MadGraph5_aMCatNLO/SUSY_SMS/SMS-GlGl/SMS-GlGl_mGl-2850_slc7_amd64_gcc10_CMSSW_12_4_8_tarball.tar.xz,/cvmfs/cms.cern.ch/phys_generator/gridpacks/RunIII/13p6TeV/slc7_amd64_gcc10/MadGraph5_aMCatNLO/SUSY_SMS/SMS-GlGl/SMS-GlGl_mGl-2850_slc7_amd64_gcc10_CMSSW_12_4_8_tarball.tar.xz,,,
SMS-T5ttcc_Par-mGluino-800_TuneCP5_13p6TeV_madgraphMLM-pythia8,https://github.com/Kim-JiHeon-HEP/Run3_NPS_Stop_SMS_requests/blob/main/fragments/gluino/SMS-T5ttcc_mGluino-800_fragment.py,13170000,madgraph,/cvmfs/cms.cern.ch/phys_generator/gridpacks/RunIII/13p6TeV/slc7_amd64_gcc10/MadGraph5_aMCatNLO/SUSY_SMS/SMS-GlGl/SMS-GlGl_mGl-800_slc7_amd64_gcc10_CMSSW_12_4_8_tarball.tar.xz,/cvmfs/cms.cern.ch/phys_generator/gridpacks/RunIII/13p6TeV/slc7_amd64_gcc10/MadGraph5_aMCatNLO/SUSY_SMS/SMS-GlGl/SMS-GlGl_mGl-800_slc7_amd64_gcc10_CMSSW_12_4_8_tarball.tar.xz,,,
SMS-T5ttcc_Par-mGluino-850_TuneCP5_13p6TeV_madgraphMLM-pythia8,https://github.com/Kim-JiHeon-HEP/Run3_NPS_Stop_SMS_requests/blob/main/fragments/gluino/SMS-T5ttcc_mGluino-850_fragment.py,7657000,madgraph,/cvmfs/cms.cern.ch/phys_generator/gridpacks/RunIII/13p6TeV/slc7_amd64_gcc10/MadGraph5_aMCatNLO/SUSY_SMS/SMS-GlGl/SMS-GlGl_mGl-850_slc7_amd64_gcc10_CMSSW_12_4_8_tarball.tar.xz,/cvmfs/cms.cern.ch/phys_generator/gridpacks/RunIII/13p6TeV/slc7_amd64_gcc10/MadGraph5_aMCatNLO/SUSY_SMS/SMS-GlGl/SMS-GlGl_mGl-850_slc7_amd64_gcc10_CMSSW_12_4_8_tarball.tar.xz,,,
SMS-T5ttcc_Par-mGluino-900_TuneCP5_13p6TeV_madgraphMLM-pythia8,https://github.com/Kim-JiHeon-HEP/Run3_NPS_Stop_SMS_requests/blob/main/fragments/gluino/SMS-T5ttcc_mGluino-900_fragment.py,6817000,madgraph,/cvmfs/cms.cern.ch/phys_generator/gridpacks/RunIII/13p6TeV/slc7_amd64_gcc10/MadGraph5_aMCatNLO/SUSY_SMS/SMS-GlGl/SMS-GlGl_mGl-900_slc7_amd64_gcc10_CMSSW_12_4_8_tarball.tar.xz,/cvmfs/cms.cern.ch/phys_generator/gridpacks/RunIII/13p6TeV/slc7_amd64_gcc10/MadGraph5_aMCatNLO/SUSY_SMS/SMS-GlGl/SMS-GlGl_mGl-900_slc7_amd64_gcc10_CMSSW_12_4_8_tarball.tar.xz,,,
SMS-T5ttcc_Par-mGluino-950_TuneCP5_13p6TeV_madgraphMLM-pythia8,https://github.com/Kim-JiHeon-HEP/Run3_NPS_Stop_SMS_requests/blob/main/fragments/gluino/SMS-T5ttcc_mGluino-950_fragment.py,4155000,madgraph,/cvmfs/cms.cern.ch/phys_generator/gridpacks/RunIII/13p6TeV/slc7_amd64_gcc10/MadGraph5_aMCatNLO/SUSY_SMS/SMS-GlGl/SMS-GlGl_mGl-950_slc7_amd64_gcc10_CMSSW_12_4_8_tarball.tar.xz,/cvmfs/cms.cern.ch/phys_generator/gridpacks/RunIII/13p6TeV/slc7_amd64_gcc10/MadGraph5_aMCatNLO/SUSY_SMS/SMS-GlGl/SMS-GlGl_mGl-950_slc7_amd64_gcc10_CMSSW_12_4_8_tarball.tar.xz,,,
